#  idx_gal   gal_id   Ngal    Ri_avr(kpc)  size_i(kpc)   sigma_i(km/s)   delta_v    delta_sigma     P_v      P_sigma    Pmin(ds)
      0         0       3         96.85         48.00     771009.80      0.03919      0.30339     0.9530     0.5660     0.5660
      0         0       6         96.85         48.00     648661.50      0.42190      1.09372     0.6470     0.2860     0.2860
      0         0       9         96.85         48.00     860598.37      0.71759     -0.15666     0.4410     0.6260     0.4410
      0         0      12         96.85         48.00     740094.06      0.68401      0.73514     0.4780     0.3260     0.3260
      0         0      15         96.85         48.00     738334.72      1.47114      0.81837     0.1320     0.2890     0.1320
      1         1       3         96.86          1.00     425932.00      0.00745      1.91364     0.9920     0.2260     0.2260
      1         1       6         96.86          1.00     800655.75      0.77556      0.29201     0.4100     0.5260     0.4100
      1         1       9         96.86          1.00    1030776.53      2.52268     -1.18697     0.0040     0.8430     0.0040
      1         1      12         96.86          1.00    1119910.37      1.90927     -1.99024     0.0430     0.9370     0.0430
      1         1      15         96.86          1.00    1060437.20      1.48081     -1.69326     0.1360     0.9200     0.1360
      2         2       3         96.85         21.00     570875.24      0.81636      1.21804     0.2910     0.3350     0.2910
      2         2       6         96.85         21.00     708647.63      0.72117      0.74610     0.4240     0.3810     0.3810
      2         2       9         96.85         21.00     764818.08      0.17786      0.49001     0.8520     0.3750     0.3750
      2         2      12         96.85         21.00     742922.29      0.30936      0.71377     0.7650     0.3770     0.3770
      2         2      15         96.85         21.00     690509.94      0.38237      1.21346     0.7040     0.2160     0.2160
      3         3       3         96.87         31.00     754299.85      0.34561      0.49036     0.6690     0.5270     0.5270
      3         3       6         96.87         31.00    1085196.19      1.24061     -1.23425     0.1590     0.8430     0.1590
      3         3       9         96.87         31.00    1130987.98      0.01734     -1.73721     0.9870     0.9100     0.9100
      3         3      12         96.87         31.00    1235651.96      0.44972     -2.70944     0.6350     0.9820     0.6350
      3         3      15         96.87         31.00    1132509.75      0.03725     -2.13785     0.9650     0.9480     0.9480
      4         4       3         96.86         83.00     382255.37      0.71767      2.10984     0.3730     0.1920     0.1920
      4         4       6         96.85         83.00     830802.69      1.17104      0.03820     0.2050     0.5680     0.2050
      4         4       9         96.86         83.00     723337.15      0.82875      0.85332     0.3760     0.3200     0.3200
      4         4      12         96.86         83.00     785671.12      1.36068      0.49199     0.1630     0.3960     0.1630
      4         4      15         96.86         83.00     771881.85      0.82844      0.64994     0.4200     0.3540     0.3540
      5         5       3         96.81          1.00     803789.85      0.75336     -0.06756     0.3470     0.6450     0.3470
      5         5       6         96.80          1.00     679450.88      1.95797      0.65044     0.0380     0.4210     0.0380
      5         5       9         96.81          1.00     849278.71      1.27136     -0.42542     0.1920     0.6630     0.1920
      5         5      12         96.82          1.00     896674.55      0.84780     -0.85572     0.3620     0.7690     0.3620
      5         5      15         96.82          1.00     884931.34      1.18981     -0.83282     0.2180     0.7790     0.2180
      6         6       3         96.89        180.00    1023774.52      0.91299     -0.63301     0.2370     0.7340     0.2370
      6         6       6         96.89        180.00     958594.01      0.46752     -0.44261     0.6020     0.6950     0.6020
      6         6       9         96.89        180.00    1080646.50      1.75248     -1.30117     0.0620     0.8520     0.0620
      6         6      12         96.89        180.00     956510.64      1.64140     -0.56205     0.0770     0.7160     0.0770
      6         6      15         96.89        180.00     978396.44      2.12034     -0.78691     0.0320     0.7920     0.0320
      7         7       3         96.82        197.00     849575.98      0.29308     -0.28941     0.6810     0.6990     0.6810
      7         7       6         96.82        197.00     626030.31      0.31730      1.00646     0.7380     0.3310     0.3310
      7         7       9         96.82        197.00     573680.98      0.34718      1.54730     0.7190     0.1590     0.1590
      7         7      12         96.82        197.00     563575.05      0.28053      1.94861     0.7650     0.0830     0.0830
      7         7      15         96.82        197.00     559116.60      0.67483      2.16856     0.4730     0.0490     0.0490
      8         8       3         96.89        128.00     368348.94      1.53366      2.22233     0.0520     0.1820     0.0520
      8         8       6         96.89        128.00     782378.64      1.09016      0.53082     0.2270     0.4150     0.2270
      8         8       9         96.89        128.00     675901.59      1.12461      1.30370     0.2290     0.2330     0.2290
      8         8      12         96.88        128.00     868514.94      1.12114      0.07170     0.2220     0.5620     0.2220
      8         8      15         96.88        128.00    1046028.58      0.09357     -1.31952     0.9210     0.8460     0.8460
      9         9       3         96.86         73.00    1423141.70      1.00930     -2.56607     0.1890     0.9410     0.1890
      9         9       6         96.86         73.00    1031199.19      1.04232     -1.02122     0.2650     0.7940     0.2650
      9         9       9         96.86         73.00    1042134.90      0.50694     -1.26235     0.5800     0.8330     0.5800
      9         9      12         96.86         73.00    1114809.71      1.41408     -1.95236     0.1670     0.9540     0.1670
      9         9      15         96.86         73.00    1018710.28      1.79958     -1.35442     0.0660     0.8660     0.0660
     10        10       3         96.86          8.00     425932.00      0.00745      1.91364     0.9920     0.2100     0.2100
     10        10       6         96.86          8.00     800655.75      0.77556      0.29201     0.3890     0.4980     0.3890
     10        10       9         96.86          8.00    1030776.53      2.52268     -1.18697     0.0110     0.8100     0.0110
     10        10      12         96.86          8.00    1119910.37      1.90927     -1.99024     0.0440     0.9420     0.0440
     10        10      15         96.86          8.00    1060437.20      1.48081     -1.69326     0.1190     0.9090     0.1190
     11        11       3         96.86         87.00    1340793.92      1.04086     -2.19614     0.1800     0.9140     0.1800
     11        11       6         96.86         87.00     963927.73      0.87235     -0.63803     0.3240     0.7430     0.3240
     11        11       9         96.86         87.00     998231.45      2.15024     -0.97099     0.0310     0.7900     0.0310
     11        11      12         96.86         87.00    1002214.22      1.73811     -1.11617     0.0780     0.8250     0.0780
     11        11      15         96.86         87.00     971452.55      1.89950     -0.97067     0.0600     0.8040     0.0600
     12        12       3         96.87        101.00     424531.32      0.73162      1.94910     0.3320     0.2110     0.2110
     12        12       6         96.87        101.00     701907.63      1.19954      0.91566     0.1990     0.3510     0.1990
     12        12       9         96.87        101.00     856478.33      1.20566      0.05668     0.2080     0.5390     0.2080
     12        12      12         96.87        101.00     952501.02      0.95687     -0.63877     0.3050     0.7200     0.3050
     12        12      15         96.87        101.00     995849.17      1.86513     -1.04508     0.0460     0.8040     0.0460
     13        13       3         96.87        162.00    1080877.68      0.96592     -0.95427     0.2180     0.7820     0.2180
     13        13       6         96.87        162.00     857171.96      0.46307      0.04476     0.5750     0.5620     0.5620
     13        13       9         96.88        162.00     804735.94      1.08458      0.39482     0.2370     0.4540     0.2370
     13        13      12         96.88        162.00     812912.69      1.48615      0.38203     0.1210     0.4530     0.1210
     13        13      15         96.88        162.00     734889.61      1.59335      1.04161     0.0920     0.2540     0.0920
     14        14       3         96.88        284.00     822120.31      1.50561      0.24549     0.0580     0.5790     0.0580
     14        14       6         96.88        284.00    1472923.84      0.13481     -3.28379     0.8810     0.9770     0.8810
     14        14       9         96.88        284.00    1185528.65      0.40598     -1.97617     0.6670     0.9310     0.6670
     14        14      12         96.88        284.00    1113138.56      0.12657     -1.69009     0.8960     0.9120     0.8960
     14        14      15         96.88        284.00    1070241.67      0.45649     -1.51020     0.6410     0.8930     0.6410
     15        15       3         96.88         69.00     662466.11      0.10488      0.89659     0.8880     0.4480     0.4480
     15        15       6         96.88         69.00     590743.14      0.71729      1.53919     0.4240     0.2000     0.2000
     15        15       9         96.88         69.00    1011060.98      0.05143     -0.95350     0.9610     0.7800     0.7800
     15        15      12         96.88         69.00    1123217.04      0.48205     -1.88721     0.6340     0.9170     0.6340
     15        15      15         96.87         69.00    1078227.98      0.57776     -1.70380     0.5460     0.9120     0.5460
     16        16       3         96.89         86.00     270749.89      0.71964      2.64751     0.3080     0.0840     0.0840
     16        16       6         96.89         86.00     948563.65      0.24273     -0.38720     0.7700     0.6770     0.6770
     16        16       9         96.89         86.00    1177362.74      0.17993     -1.92362     0.8560     0.9450     0.8560
     16        16      12         96.89         86.00    1023807.19      0.54621     -1.04672     0.5650     0.8160     0.5650
     16        16      15         96.88         86.00     991574.09      0.30939     -0.89069     0.7690     0.7790     0.7690
     17        17       3         96.84         58.00    1306610.73      0.47510     -2.14439     0.5470     0.9030     0.5470
     17        17       6         96.85         58.00     954429.49      0.90303     -0.67822     0.3320     0.7350     0.3320
     17        17       9         96.85         58.00     804966.92      1.08982      0.21894     0.2540     0.5010     0.2540
     17        17      12         96.85         58.00     768962.15      1.57925      0.51704     0.1170     0.4250     0.1170
     17        17      15         96.85         58.00     703421.12      1.43298      1.10680     0.1420     0.2450     0.1420
     18        18       3         96.87        127.00    1542540.91      2.18315     -2.99645     0.0030     0.9630     0.0030
     18        18       6         96.86        127.00    1463312.88      1.66066     -3.48264     0.0820     0.9870     0.0820
     18        18       9         96.86        127.00    1471739.16      0.17787     -4.11338     0.8390     0.9960     0.8390
     18        18      12         96.87        127.00    1291400.20      0.11210     -3.11712     0.9080     0.9890     0.9080
     18        18      15         96.86        127.00    1155372.85      0.08236     -2.46418     0.9290     0.9710     0.9290
     19        19       3         96.79         10.00    1269674.64      0.13788     -2.35805     0.8630     0.9280     0.8630
     19        19       6         96.79         10.00     962356.19      1.41760     -1.09174     0.1250     0.8210     0.1250
     19        19       9         96.79         10.00     951465.89      3.16015     -1.19356     0.0010     0.8560     0.0010
     19        19      12         96.79         10.00     850271.99      3.60320     -0.52071     0.0000     0.7030     0.0000
     19        19      15         96.79         10.00     815339.73      4.50668     -0.27088     0.0000     0.6060     0.0000
     20        20       3         96.79          6.00     669312.16      1.41876      0.56241     0.0650     0.5290     0.0650
     20        20       6         96.79          6.00     697253.66      3.38100      0.54033     0.0010     0.4260     0.0010
     20        20       9         96.79          6.00     593540.47      4.09074      1.37684     0.0000     0.2020     0.0000
     20        20      12         96.79          6.00     566459.88      4.39215      1.75912     0.0000     0.1010     0.0000
     20        20      15         96.79          6.00     528179.68      4.86994      2.26101     0.0000     0.0340     0.0000
     21        21       3         96.87         30.00     830398.91      0.50154      0.15373     0.4900     0.6010     0.4900
     21        21       6         96.88         30.00     749490.68      0.41159      0.64876     0.6590     0.4270     0.4270
     21        21       9         96.88         30.00     839959.24      0.26665      0.16463     0.7710     0.5160     0.5160
     21        21      12         96.88         30.00    1049681.13      0.01374     -1.34944     0.9850     0.8240     0.8240
     21        21      15         96.88         30.00    1145031.92      0.76277     -2.23798     0.4490     0.9580     0.4490
     22        22       3         96.80          1.00      97143.11      1.13585      3.35320     0.1340     0.0170     0.0170
     22        22       6         96.80          1.00     501678.89      1.60754      1.74993     0.0850     0.1590     0.0850
     22        22       9         96.80          1.00     532976.42      1.36751      1.81324     0.1390     0.1160     0.1160
     22        22      12         96.80          1.00     631028.19      1.32464      1.23847     0.1650     0.2000     0.1650
     22        22      15         96.80          1.00     600797.55      1.22020      1.62074     0.1900     0.1340     0.1340
     23        23       3         96.88          1.00    1531006.61      1.25924     -2.84275     0.0910     0.9610     0.0910
     23        23       6         96.88          1.00    1472923.84      0.13481     -3.28379     0.8760     0.9890     0.8760
     23        23       9         96.88          1.00    1276950.62      0.89824     -2.69106     0.3030     0.9640     0.3030
     23        23      12         96.88          1.00    1159795.26      0.97942     -2.15470     0.3200     0.9530     0.3200
     23        23      15         96.88          1.00    1048973.03      0.97012     -1.46987     0.3160     0.9100     0.3160
     24        24       3         96.92        129.00     637017.93      0.48956      1.14031     0.5170     0.3840     0.3840
     24        24       6         96.92        129.00     728991.77      0.26806      0.95405     0.7460     0.3350     0.3350
     24        24       9         96.92        129.00     755126.90      0.21386      0.92201     0.8120     0.3030     0.3030
     24        24      12         96.92        129.00     763593.89      0.23002      0.97241     0.8080     0.2430     0.2430
     24        24      15         96.92        129.00     764175.93      0.04400      1.05881     0.9530     0.2480     0.2480
     25        25       3         96.76          1.00    1139869.36      1.49559     -1.83468     0.0480     0.8860     0.0480
     25        25       6         96.77          1.00     830643.67      2.81276     -0.32648     0.0030     0.6860     0.0030
     25        25       9         96.77          1.00    1021910.68      2.60247     -1.76979     0.0060     0.9080     0.0060
     25        25      12         96.77          1.00     884613.14      3.37679     -0.86438     0.0020     0.7810     0.0020
     25        25      15         96.77          1.00     902048.07      3.05645     -1.10012     0.0010     0.8250     0.0010
     26        26       3         96.91         34.00     395897.64      0.36183      2.14781     0.6390     0.1720     0.1720
     26        26       6         96.91         34.00     512578.56      0.83574      2.09590     0.3670     0.0990     0.0990
     26        26       9         96.91         34.00     769379.58      0.52300      0.83270     0.5610     0.3320     0.3320
     26        26      12         96.91         34.00     731152.22      0.59984      1.19990     0.5260     0.2000     0.2000
     26        26      15         96.91         34.00     653048.06      0.79367      1.91086     0.4410     0.0910     0.0910
     27        27       3         96.90        160.00     383425.89      0.73274      2.18037     0.3400     0.1780     0.1780
     27        27       6         96.90        160.00     568499.86      0.86366      1.75691     0.3290     0.1530     0.1530
     27        27       9         96.90        160.00     651352.42      0.48626      1.52124     0.5860     0.1700     0.1700
     27        27      12         96.90        160.00     691587.71      0.29562      1.41669     0.7630     0.1700     0.1700
     27        27      15         96.91        160.00     742460.80      0.38205      1.15413     0.6990     0.2320     0.2320
     28        28       3         96.87        177.00    1080877.68      0.96592     -0.95427     0.1740     0.7950     0.1740
     28        28       6         96.87        177.00     803462.66      0.88323      0.34602     0.3050     0.5210     0.3050
     28        28       9         96.87        177.00     797646.64      1.00584      0.44114     0.2820     0.4730     0.2820
     28        28      12         96.87        177.00     800171.92      1.17961      0.47520     0.2140     0.4220     0.2140
     28        28      15         96.87        177.00     877612.19      1.41184     -0.09963     0.1410     0.5730     0.1410
     29        29       3         96.85        148.00    1718099.90      0.38875     -4.02495     0.6310     0.9880     0.6310
     29        29       6         96.85        148.00    1203353.72      0.02382     -2.12074     0.9820     0.9380     0.9380
     29        29       9         96.85        148.00     970049.09      0.07133     -0.89561     0.9420     0.7780     0.7780
     29        29      12         96.85        148.00     942249.33      0.56369     -0.79221     0.5790     0.7550     0.5790
     29        29      15         96.85        148.00     884479.56      0.25587     -0.38898     0.7870     0.6640     0.6640
     30        30       3         96.93          1.00      87611.33      0.26771      3.45751     0.7010     0.0100     0.0100
     30        30       6         96.92          1.00     286593.87      0.55417      3.31132     0.5310     0.0080     0.0080
     30        30       9         96.92          1.00     327646.68      0.34097      3.60063     0.7280     0.0010     0.0010
     30        30      12         96.92          1.00     784315.57      0.94799      0.82711     0.3020     0.3030     0.3020
     30        30      15         96.92          1.00     834369.81      1.74280      0.52061     0.0800     0.3790     0.0800
     31        31       3         96.78        143.00     172360.85      0.84530      2.98739     0.2670     0.0320     0.0320
     31        31       6         96.78        143.00     201556.94      1.16659      3.60771     0.2090     0.0030     0.0030
     31        31       9         96.78        143.00     186985.85      1.51110      4.30804     0.1050     0.0000     0.0000
     31        31      12         96.78        143.00     390757.16      1.26992      3.15026     0.1840     0.0040     0.0040
     31        31      15         96.77        143.00     417250.88      1.39094      3.20912     0.1620     0.0010     0.0010
     32        32       3         96.85        156.00    1752816.48      0.28392     -4.04705     0.7270     0.9830     0.7270
     32        32       6         96.85        156.00    1182031.79      0.44448     -1.88040     0.6060     0.9100     0.6060
     32        32       9         96.85        156.00     959575.17      0.56995     -0.71445     0.5450     0.7610     0.5450
     32        32      12         96.85        156.00     864570.72      0.59607     -0.09396     0.5240     0.5460     0.5240
     32        32      15         96.85        156.00     787771.74      0.29860      0.52090     0.7190     0.3950     0.3950
     33        33       3         96.86         52.00     333010.64      1.99918      2.33106     0.0030     0.1330     0.0030
     33        33       6         96.86         52.00     732154.54      1.76217      0.68221     0.0580     0.3900     0.0580
     33        33       9         96.86         52.00    1198671.56      0.25565     -2.30119     0.8050     0.9450     0.8050
     33        33      12         96.86         52.00    1075690.64      0.16426     -1.66184     0.8620     0.9150     0.8620
     33        33      15         96.86         52.00    1131817.91      0.36661     -2.27290     0.6960     0.9730     0.6960
     34        34       3         96.88         88.00    1437149.13      0.05758     -2.43386     0.9400     0.9460     0.9400
     34        34       6         96.88         88.00     927445.23      0.21927     -0.34941     0.7820     0.6720     0.6720
     34        34       9         96.88         88.00     817518.21      0.85754      0.39228     0.3450     0.4680     0.3450
     34        34      12         96.88         88.00     753110.76      0.58406      0.90285     0.5520     0.3030     0.3030
     34        34      15         96.88         88.00     743615.61      0.64639      0.97184     0.5300     0.2600     0.2600
     35        35       3         96.80        196.00     458012.79      1.58980      1.59304     0.0470     0.2630     0.0470
     35        35       6         96.79        196.00     429732.55      3.41745      2.19490     0.0000     0.0710     0.0000
     35        35       9         96.79        196.00     400947.22      3.93251      2.76826     0.0000     0.0250     0.0000
     35        35      12         96.79        196.00     400891.00      4.44124      3.09829     0.0000     0.0070     0.0000
     35        35      15         96.79        196.00     372432.99      4.80655      3.63839     0.0000     0.0020     0.0000
     36        36       3         96.86         23.00    1545306.67      1.39003     -3.11486     0.0630     0.9580     0.0630
     36        36       6         96.86         23.00    1328078.61      1.92681     -2.71231     0.0310     0.9630     0.0310
     36        36       9         96.86         23.00    1142645.60      2.02568     -1.92938     0.0210     0.9230     0.0210
     36        36      12         96.86         23.00    1039753.19      1.93943     -1.39495     0.0390     0.8530     0.0390
     36        36      15         96.86         23.00    1082191.78      2.28187     -1.86992     0.0110     0.9460     0.0110
     37        37       3         96.88         76.00    1415109.33      0.26406     -2.43275     0.7290     0.9330     0.7290
     37        37       6         96.88         76.00     927445.23      0.21927     -0.34941     0.8060     0.6760     0.6760
     37        37       9         96.87         76.00     844769.52      0.26524      0.13320     0.7720     0.5250     0.5250
     37        37      12         96.87         76.00    1041847.88      0.37197     -1.29216     0.7040     0.8700     0.7040
     37        37      15         96.87         76.00    1104567.49      1.22290     -1.91442     0.2240     0.9340     0.2240
     38        38       3         96.89         34.00     450660.31      0.49191      1.86374     0.5260     0.2110     0.2110
     38        38       6         96.89         34.00     396686.16      0.78108      2.66141     0.3910     0.0370     0.0370
     38        38       9         96.89         34.00     773044.66      1.64308      0.67850     0.0880     0.3880     0.0880
     38        38      12         96.89         34.00     931336.80      1.38084     -0.38074     0.1620     0.6720     0.1620
     38        38      15         96.89         34.00    1053442.61      0.74129     -1.37790     0.4530     0.8630     0.4530
     39        39       3         96.86         65.00    1151347.41      0.44076     -1.34510     0.5680     0.8430     0.5680
     39        39       6         96.85         65.00    1242028.25      1.29360     -2.22215     0.1540     0.9480     0.1540
     39        39       9         96.86         65.00    1055288.76      1.02502     -1.34964     0.2890     0.8750     0.2890
     39        39      12         96.86         65.00     937715.18      0.99260     -0.63717     0.2950     0.7380     0.2950
     39        39      15         96.86         65.00    1000641.39      1.84704     -1.20769     0.0590     0.8530     0.0590
     40        40       3         96.86         15.00    1283926.82      0.14332     -1.94068     0.8470     0.9100     0.8470
     40        40       6         96.86         15.00     922802.00      0.22136     -0.40377     0.8010     0.6670     0.6670
     40        40       9         96.86         15.00    1088509.48      1.21372     -1.57011     0.2260     0.8940     0.2260
     40        40      12         96.86         15.00     947442.28      1.52940     -0.70941     0.0930     0.7260     0.0930
     40        40      15         96.86         15.00     907860.59      1.56944     -0.45427     0.1210     0.6700     0.1210
     41        41       3         96.86         29.00     952757.53      0.65664     -0.45299     0.3890     0.6970     0.3890
     41        41       6         96.86         29.00     817192.62      0.90050      0.19781     0.3220     0.5400     0.3220
     41        41       9         96.86         29.00    1110141.32      1.19305     -1.71367     0.1960     0.8900     0.1960
     41        41      12         96.86         29.00     983615.88      1.24763     -0.97805     0.1880     0.8130     0.1880
     41        41      15         96.86         29.00    1063345.95      1.41418     -1.71688     0.1330     0.9300     0.1330
     42        42       3         96.86          9.00     862285.09      0.41499     -0.04657     0.5740     0.6370     0.5740
     42        42       6         96.86          9.00     817192.62      0.90050      0.19781     0.2910     0.5240     0.2910
     42        42       9         96.86          9.00     993665.45      1.42786     -0.94069     0.1250     0.7770     0.1250
     42        42      12         96.86          9.00    1169660.26      1.36943     -2.35971     0.1610     0.9610     0.1610
     42        42      15         96.86          9.00    1063345.95      1.41418     -1.71688     0.1510     0.9100     0.1510
     43        43       3         96.79         58.00     267280.76      0.47509      2.52335     0.5160     0.1180     0.1180
     43        43       6         96.79         58.00     405733.40      0.49801      2.34333     0.5760     0.0750     0.0750
     43        43       9         96.79         58.00     722150.70      0.57047      0.45671     0.5490     0.4510     0.4510
     43        43      12         96.79         58.00     878344.89      1.05930     -0.75577     0.2790     0.7320     0.2790
     43        43      15         96.79         58.00     804246.95      1.66245     -0.17307     0.0780     0.5840     0.0780
     44        44       3         96.90        102.00     547681.32      0.05901      1.47496     0.9280     0.3190     0.3190
     44        44       6         96.90        102.00     568499.86      0.86366      1.75691     0.3420     0.1450     0.1450
     44        44       9         96.90        102.00     770754.29      0.10420      0.76371     0.8990     0.3480     0.3480
     44        44      12         96.90        102.00     691587.71      0.29562      1.41669     0.7500     0.1370     0.1370
     44        44      15         96.90        102.00     753638.36      0.00956      1.06736     0.9930     0.2510     0.2510
     45        45       3         96.86        110.00     768978.07      1.43392      0.37259     0.0640     0.5270     0.0640
     45        45       6         96.86        110.00     628996.24      1.95719      1.26982     0.0280     0.2750     0.0280
     45        45       9         96.86        110.00    1431146.97      0.25093     -3.84399     0.7880     0.9960     0.7880
     45        45      12         96.86        110.00    1250904.70      0.48148     -2.96308     0.6340     0.9860     0.6340
     45        45      15         96.86        110.00    1124032.05      0.61551     -2.20968     0.5110     0.9640     0.5110
     46        46       3         96.78          6.00     619696.35      1.07177      0.80825     0.1550     0.4720     0.1550
     46        46       6         96.78          6.00     819251.74      0.96387     -0.20778     0.2670     0.6450     0.2670
     46        46       9         96.78          6.00     741957.71      0.36930      0.31417     0.6890     0.4840     0.4840
     46        46      12         96.78          6.00     811600.26      0.90229     -0.20928     0.3620     0.6080     0.3620
     46        46      15         96.78          6.00     762276.84      0.81011      0.20550     0.4020     0.5020     0.4020
     47        47       3         96.91          7.00     479810.66      0.17011      1.79188     0.8420     0.2260     0.2260
     47        47       6         96.91          7.00     404476.32      0.17493      2.67731     0.8610     0.0340     0.0340
     47        47       9         96.92          7.00     708923.87      0.99959      1.21152     0.2870     0.2440     0.2440
     47        47      12         96.91          7.00     903437.33      1.47421     -0.00818     0.1370     0.5550     0.1370
     47        47      15         96.91          7.00     973632.61      1.63713     -0.54715     0.0910     0.6920     0.0910
     48        48       3         96.85          5.00     768792.65      0.16650      0.31352     0.8320     0.5620     0.5620
     48        48       6         96.85          5.00     799614.62      0.97505      0.21894     0.2660     0.4970     0.2660
     48        48       9         96.85          5.00     642616.23      1.26655      1.31505     0.1770     0.1900     0.1770
     48        48      12         96.85          5.00     713837.31      0.62127      0.93352     0.5090     0.2850     0.2850
     48        48      15         96.85          5.00     825903.16      0.67981      0.09494     0.5170     0.5400     0.5170
     49        49       3         96.76         44.00     690969.61      0.36145      0.39499     0.6220     0.5510     0.5510
     49        49       6         96.76         44.00     629511.25      0.58166      0.88794     0.5150     0.3430     0.3430
     49        49       9         96.76         44.00     518395.62      1.02795      1.84983     0.2480     0.1220     0.1220
     49        49      12         96.76         44.00     594627.85      1.06127      1.44410     0.2560     0.1610     0.1610
     49        49      15         96.77         44.00     629605.09      0.74601      1.32156     0.4520     0.2060     0.2060
     50        50       3         96.86         58.00     806762.81      1.12176      0.20285     0.1610     0.5950     0.1610
     50        50       6         96.86         58.00     846056.36      0.43332      0.03340     0.6310     0.5820     0.5820
     50        50       9         96.86         58.00     882814.40      0.13669     -0.20503     0.8890     0.6320     0.6320
     50        50      12         96.86         58.00     881452.23      0.14175     -0.21933     0.8620     0.6220     0.6220
     50        50      15         96.86         58.00    1137364.01      1.38352     -2.31794     0.1500     0.9560     0.1500
     51        51       3         96.87         32.00    1150386.93      0.14398     -1.26174     0.8610     0.8200     0.8200
     51        51       6         96.87         32.00    1285638.01      0.80833     -2.35855     0.3630     0.9330     0.3630
     51        51       9         96.87         32.00    1225491.23      0.41042     -2.35478     0.6720     0.9470     0.6720
     51        51      12         96.87         32.00    1062013.35      0.15426     -1.43963     0.8880     0.8680     0.8680
     51        51      15         96.87         32.00    1051194.82      0.14894     -1.48764     0.8740     0.9020     0.8740
     52        52       3         96.83         74.00     260904.00      1.24979      2.60100     0.0770     0.0860     0.0770
     52        52       6         96.83         74.00     307902.84      1.88289      3.01805     0.0320     0.0200     0.0200
     52        52       9         96.83         74.00     444422.82      2.22361      2.56846     0.0180     0.0370     0.0180
     52        52      12         96.83         74.00     503764.76      1.95277      2.41325     0.0430     0.0350     0.0350
     52        52      15         96.83         74.00     535542.56      2.32224      2.36881     0.0110     0.0420     0.0110
     53        53       3         96.73          2.00     145102.96      0.16391      3.09317     0.8170     0.0330     0.0330
     53        53       6         96.74          2.00     179795.88      0.62992      3.70961     0.5130     0.0010     0.0010
     53        53       9         96.74          2.00     255793.03      1.23643      3.75897     0.1660     0.0010     0.0010
     53        53      12         96.73          2.00     220168.85      1.51657      4.48596     0.1020     0.0000     0.0000
     53        53      15         96.73          2.00     370900.50      1.34359      3.52709     0.1750     0.0020     0.0020
     54        54       3         96.93         61.00     534396.78      1.13402      1.57313     0.1270     0.3000     0.1270
     54        54       6         96.93         61.00     706723.90      0.91040      1.07314     0.3100     0.3210     0.3100
     54        54       9         96.92         61.00     781554.68      0.23620      0.78401     0.7800     0.3610     0.3610
     54        54      12         96.92         61.00     736248.05      0.71155      1.16416     0.4420     0.2250     0.2250
     54        54      15         96.92         61.00     726800.24      0.94539      1.34538     0.3330     0.1650     0.1650
     55        55       3         96.68        205.00     184825.62      0.74132      2.88120     0.3200     0.0640     0.0640
     55        55       6         96.70        205.00     164555.16      1.44449      3.78494     0.1130     0.0010     0.0010
     55        55       9         96.71        205.00     617242.61      0.50039      1.00518     0.6080     0.2610     0.2610
     55        55      12         96.72        205.00     770395.05      0.19817     -0.11450     0.8260     0.6180     0.6180
     55        55      15         96.73        205.00     726848.87      0.43302      0.27292     0.6680     0.4620     0.4620
     56        56       3         96.91          7.00     344831.22      0.79001      2.36441     0.3050     0.1410     0.1410
     56        56       6         96.91          7.00     721692.05      0.33625      0.97121     0.7160     0.3530     0.3530
     56        56       9         96.91          7.00     716246.41      0.27791      1.16564     0.7740     0.2480     0.2480
     56        56      12         96.91          7.00     677183.61      0.91223      1.57833     0.3400     0.1260     0.1260
     56        56      15         96.91          7.00     606685.27      1.09143      2.26634     0.2600     0.0370     0.0370
     57        57       3         96.80        220.00     631077.66      1.86552      0.74890     0.0130     0.4940     0.0130
     57        57       6         96.80        220.00     468467.94      2.52209      1.95533     0.0030     0.1390     0.0030
     57        57       9         96.80        220.00     386915.94      3.32904      2.86570     0.0000     0.0170     0.0000
     57        57      12         96.79        220.00     379505.06      4.30066      3.26664     0.0000     0.0050     0.0000
     57        57      15         96.79        220.00     618230.54      4.03875      1.46703     0.0000     0.1350     0.0000
     58        58       3         96.89         84.00     437183.65      0.55912      1.92245     0.4510     0.2060     0.2060
     58        58       6         96.89         84.00     357593.09      0.62850      2.87736     0.4820     0.0250     0.0250
     58        58       9         96.89         84.00     396057.18      1.21964      3.10473     0.2020     0.0110     0.0110
     58        58      12         96.89         84.00     853367.93      1.42237      0.18079     0.1350     0.5110     0.1350
     58        58      15         96.89         84.00     937648.59      0.78871     -0.46603     0.4280     0.6980     0.4280
     59        59       3         96.83         78.00     696188.18      0.71499      0.55553     0.3350     0.5020     0.3350
     59        59       6         96.82         78.00     807896.06      0.37477      0.03879     0.6750     0.5720     0.5720
     59        59       9         96.82         78.00     772847.20      0.08737      0.28851     0.9190     0.5180     0.5180
     59        59      12         96.82         78.00     800146.50      0.28630      0.11078     0.7540     0.5020     0.5020
     59        59      15         96.82         78.00     796200.40      0.89811      0.15465     0.3230     0.5130     0.3230
     60        60       3         96.86         47.00      23332.46      0.80745      3.72221     0.2710     0.0020     0.0020
     60        60       6         96.86         47.00     160078.29      1.25325      3.94088     0.1950     0.0010     0.0010
     60        60       9         96.86         47.00     469528.21      1.22884      2.53770     0.1940     0.0360     0.0360
     60        60      12         96.86         47.00     847539.56      0.39474      0.03252     0.6890     0.5650     0.5650
     60        60      15         96.86         47.00     992505.99      0.44432     -1.14163     0.6330     0.8290     0.6330
     61        61       3         96.86         76.00     437555.86      0.13519      1.86142     0.8560     0.2330     0.2330
     61        61       6         96.86         76.00    1055129.37      0.55274     -1.15753     0.5350     0.8400     0.5350
     61        61       9         96.86         76.00    1065533.53      1.43144     -1.41763     0.1160     0.8640     0.1160
     61        61      12         96.86         76.00    1002214.22      1.73811     -1.11617     0.0700     0.8480     0.0700
     61        61      15         96.86         76.00     968361.78      1.29368     -0.94557     0.1850     0.8100     0.1850
     62        62       3         96.96         18.00     114726.76      0.38216      3.34315     0.6180     0.0260     0.0260
     62        62       6         96.95         18.00     391486.81      0.42115      2.75904     0.6450     0.0370     0.0370
     62        62       9         96.94         18.00     464306.01      0.23453      2.76071     0.8180     0.0170     0.0170
     62        62      12         96.93         18.00     510846.90      0.36620      2.76488     0.7140     0.0100     0.0100
     62        62      15         96.93         18.00     556133.65      0.01578      2.67796     0.9860     0.0190     0.0190
     63        63       3         96.91          3.00     411804.50      0.40683      2.05850     0.6080     0.1980     0.1980
     63        63       6         96.91          3.00     368299.24      1.00157      2.84712     0.2690     0.0260     0.0260
     63        63       9         96.91          3.00     616583.41      0.79531      1.74183     0.3860     0.1160     0.1160
     63        63      12         96.91          3.00     655505.10      0.72155      1.73034     0.4560     0.1170     0.1170
     63        63      15         96.91          3.00     606131.62      0.91190      2.27058     0.3640     0.0380     0.0380
     64        64       3         96.82        292.00     857730.54      0.27293     -0.20359     0.7140     0.6890     0.6890
     64        64       6         96.82        292.00     649663.85      0.41872      0.98164     0.6320     0.3240     0.3240
     64        64       9         96.82        292.00     582953.49      0.93883      1.60677     0.3050     0.1380     0.1380
     64        64      12         96.83        292.00     669299.64      0.13421      1.12728     0.9050     0.2540     0.2540
     64        64      15         96.83        292.00     634716.34      0.36944      1.52638     0.7210     0.1390     0.1390
     65        65       3         96.86        120.00    1524166.15      1.01564     -3.01990     0.1820     0.9610     0.1820
     65        65       6         96.86        120.00    1236431.64      0.84621     -2.19027     0.4000     0.9380     0.4000
     65        65       9         96.86        120.00    1156715.07      1.74177     -2.02275     0.0460     0.9370     0.0460
     65        65      12         96.86        120.00    1142212.89      1.45487     -2.15587     0.1120     0.9600     0.1120
     65        65      15         96.86        120.00    1038909.09      1.19498     -1.51844     0.2140     0.8920     0.2140
     66        66       3         96.89         90.00     436567.93      0.77812      1.92513     0.2940     0.2230     0.2230
     66        66       6         96.89         90.00    1230645.28      0.16655     -1.94543     0.8750     0.9260     0.8750
     66        66       9         96.89         90.00    1127279.71      0.09890     -1.60129     0.9190     0.8980     0.8980
     66        66      12         96.89         90.00    1004942.15      0.26828     -0.91085     0.7500     0.8070     0.7500
     66        66      15         96.89         90.00     968535.45      0.44125     -0.70926     0.6270     0.7810     0.6270
     67        67       3         96.92        172.00     637017.93      0.48956      1.14031     0.5420     0.4120     0.4120
     67        67       6         96.92        172.00     728841.26      0.55110      0.93276     0.5490     0.3300     0.3300
     67        67       9         96.92        172.00     833211.05      0.07041      0.43273     0.9570     0.4320     0.4320
     67        67      12         96.92        172.00     763593.89      0.23002      0.97241     0.8130     0.2680     0.2680
     67        67      15         96.92        172.00     697158.64      0.41650      1.57265     0.6690     0.1330     0.1330
     68        68       3         96.88        136.00     590911.31      0.16607      1.25274     0.8240     0.3730     0.3730
     68        68       6         96.88        136.00     642254.77      0.91167      1.30487     0.3060     0.2790     0.2790
     68        68       9         96.88        136.00     762351.47      0.57437      0.74732     0.5460     0.3600     0.3600
     68        68      12         96.88        136.00     982690.21      0.06856     -0.85955     0.9390     0.7770     0.7770
     68        68      15         96.88        136.00    1195934.53      1.32661     -2.64501     0.1480     0.9840     0.1480
     69        69       3         96.86         64.00     452887.67      0.29710      1.79254     0.7000     0.2460     0.2460
     69        69       6         96.86         64.00     961025.30      0.37218     -0.62149     0.6880     0.7490     0.6880
     69        69       9         96.86         64.00     975984.81      0.84057     -0.82335     0.3410     0.7520     0.3410
     69        69      12         96.86         64.00     960196.90      0.13630     -0.80413     0.9030     0.7860     0.7860
     69        69      15         96.86         64.00     881556.14      0.21291     -0.24067     0.8340     0.6060     0.6060
     70        70       3         96.79         85.00     267280.76      0.47509      2.52335     0.4970     0.1090     0.1090
     70        70       6         96.80         85.00     784874.60      0.39505     -0.00159     0.6850     0.6030     0.6030
     70        70       9         96.79         85.00     722150.70      0.57047      0.45671     0.5430     0.4670     0.4670
     70        70      12         96.79         85.00     807357.73      1.69162     -0.18337     0.0840     0.6170     0.0840
     70        70      15         96.80         85.00     813422.61      1.32164     -0.25397     0.1950     0.6660     0.1950
     71        71       3         96.96         27.00     114726.76      0.38216      3.34315     0.6280     0.0180     0.0180
     71        71       6         96.95         27.00     391486.81      0.42115      2.75904     0.6240     0.0300     0.0300
     71        71       9         96.94         27.00     464306.01      0.23453      2.76071     0.8050     0.0260     0.0260
     71        71      12         96.93         27.00     510846.90      0.36620      2.76488     0.6880     0.0230     0.0230
     71        71      15         96.93         27.00     556133.65      0.01578      2.67796     0.9900     0.0270     0.0270
     72        72       3         96.86         21.00     614926.80      0.02569      1.06463     0.9720     0.4400     0.4400
     72        72       6         96.86         21.00    1005841.20      0.92228     -0.87678     0.2980     0.7940     0.2980
     72        72       9         96.86         21.00    1062067.91      1.74725     -1.39463     0.0520     0.8580     0.0520
     72        72      12         96.86         21.00    1003787.88      1.17544     -1.12786     0.2280     0.8450     0.2280
     72        72      15         96.86         21.00     916671.35      1.04730     -0.52582     0.2450     0.6920     0.2450
     73        73       3         96.68        223.00     184825.62      0.74132      2.88120     0.3360     0.0520     0.0520
     73        73       6         96.70        223.00     164555.16      1.44449      3.78494     0.1190     0.0010     0.0010
     73        73       9         96.71        223.00     617242.61      0.50039      1.00518     0.5870     0.2680     0.2680
     73        73      12         96.72        223.00     783051.18      0.27928     -0.22031     0.7690     0.6190     0.6190
     73        73      15         96.73        223.00     726848.87      0.43302      0.27292     0.6650     0.4720     0.4720
     74        74       3         96.88          1.00     248875.44      0.25845      2.74281     0.7410     0.0860     0.0860
     74        74       6         96.88          1.00     714226.71      1.08873      0.90729     0.2030     0.3290     0.2030
     74        74       9         96.88          1.00     783239.85      1.53027      0.61289     0.1060     0.3970     0.1060
     74        74      12         96.88          1.00     765780.96      1.28795      0.81160     0.1810     0.3130     0.1810
     74        74      15         96.88          1.00     762883.66      0.89521      0.91025     0.3770     0.2920     0.2920
     75        75       3         96.86         25.00     606814.96      0.92034      1.10107     0.2160     0.4130     0.2160
     75        75       6         96.86         25.00     998733.14      0.89937     -0.83629     0.3090     0.7640     0.3090
     75        75       9         96.86         25.00     888020.73      0.68744     -0.23959     0.4700     0.6280     0.4700
     75        75      12         96.86         25.00     815687.54      1.21637      0.26907     0.1920     0.4910     0.1920
     75        75      15         96.86         25.00     764424.00      0.91168      0.71050     0.3580     0.3350     0.3350
     76        76       3         96.86         62.00     870038.85      0.82445     -0.08140     0.2710     0.6570     0.2710
     76        76       6         96.87         62.00     582997.80      1.61953      1.58263     0.0630     0.1990     0.0630
     76        76       9         96.87         62.00    1087823.32      0.77750     -1.45513     0.4100     0.8770     0.4100
     76        76      12         96.87         62.00    1177852.47      1.06837     -2.28675     0.2540     0.9560     0.2540
     76        76      15         96.87         62.00    1302567.12      0.70610     -3.49767     0.4590     0.9920     0.4590
     77        77       3         96.76        173.00     297225.75      0.72262      2.35071     0.3290     0.1390     0.1390
     77        77       6         96.76        173.00     424766.69      0.89601      2.17746     0.3420     0.1030     0.1030
     77        77       9         96.76        173.00     742702.33      0.10393      0.20393     0.9090     0.5150     0.5150
     77        77      12         96.76        173.00     690489.52      0.77471      0.65694     0.4190     0.3500     0.3500
     77        77      15         96.76        173.00     734223.59      0.33289      0.32566     0.7360     0.4350     0.4350
     78        78       3         96.82         74.00     204314.80      0.89663      2.83706     0.2410     0.0650     0.0650
     78        78       6         96.82         74.00     368006.35      0.81335      2.65992     0.3690     0.0360     0.0360
     78        78       9         96.82         74.00     667060.09      0.90220      1.02289     0.3260     0.2830     0.2830
     78        78      12         96.82         74.00     726427.29      0.41598      0.50799     0.6230     0.4150     0.4150
     78        78      15         96.82         74.00     737785.27      0.07063      0.45598     0.9480     0.4010     0.4010
     79        79       3         96.85        183.00     767654.06      0.90026      0.31873     0.2270     0.5600     0.2270
     79        79       6         96.85        183.00     671651.78      0.86075      0.96049     0.3290     0.3350     0.3290
     79        79       9         96.85        183.00     754354.69      0.44114      0.56065     0.6560     0.4190     0.4190
     79        79      12         96.85        183.00     708218.91      0.74588      0.97597     0.4360     0.2640     0.2640
     79        79      15         96.85        183.00     707949.86      1.18433      1.06939     0.2120     0.2390     0.2120
     80        80       3         96.86         69.00    1237425.38      1.42458     -1.73179     0.0560     0.8840     0.0560
     80        80       6         96.86         69.00    1202851.22      0.98144     -1.99899     0.2960     0.9300     0.2960
     80        80       9         96.86         69.00    1056488.62      1.27369     -1.35761     0.1850     0.8690     0.1850
     80        80      12         96.86         69.00     955519.47      0.85180     -0.76939     0.3710     0.7530     0.3710
     80        80      15         96.86         69.00    1013346.82      1.77059     -1.31087     0.0790     0.8470     0.0790
     81        81       3         96.91         41.00     479810.66      0.17011      1.79188     0.8510     0.2530     0.2530
     81        81       6         96.91         41.00     404476.32      0.17493      2.67731     0.8420     0.0330     0.0330
     81        81       9         96.91         41.00     778477.40      1.21413      0.77570     0.1960     0.3540     0.1960
     81        81      12         96.91         41.00    1017379.69      1.92652     -0.89635     0.0430     0.7840     0.0430
     81        81      15         96.91         41.00     977892.49      1.68119     -0.67356     0.1050     0.7480     0.1050
     82        82       3         96.86         11.00     614926.80      0.02569      1.06463     0.9660     0.4320     0.4320
     82        82       6         96.86         11.00    1062916.04      0.52634     -1.20189     0.5700     0.8370     0.5700
     82        82       9         96.86         11.00     890263.13      0.03479     -0.25447     0.9750     0.6550     0.6550
     82        82      12         96.86         11.00     998446.02      1.15688     -1.08819     0.2370     0.8220     0.2370
     82        82      15         96.86         11.00     928433.94      0.75964     -0.62133     0.4410     0.7240     0.4410
     83        83       3         96.87         15.00    1003986.57      1.04146     -0.61414     0.1610     0.7420     0.1610
     83        83       6         96.87         15.00     875697.50      1.29300     -0.05915     0.1640     0.6220     0.1640
     83        83       9         96.87         15.00     727717.86      1.20252      0.89812     0.1990     0.3370     0.1990
     83        83      12         96.87         15.00     712881.12      0.71202      1.11355     0.4640     0.2430     0.2430
     83        83      15         96.87         15.00     768851.22      0.96323      0.77005     0.3230     0.2840     0.2840
     84        84       3         96.84         77.00     578702.26      1.32684      1.18227     0.0840     0.3770     0.0840
     84        84       6         96.85         77.00     799614.62      0.97505      0.21894     0.2870     0.5250     0.2870
     84        84       9         96.84         77.00     645645.96      1.53807      1.29460     0.0940     0.2290     0.0940
     84        84      12         96.84         77.00     700831.09      1.41576      1.03179     0.1410     0.2400     0.1410
     84        84      15         96.84         77.00     625329.31      1.60606      1.75194     0.0860     0.1020     0.0860
     85        85       3         96.86         93.00     806762.81      1.12176      0.20285     0.1350     0.6020     0.1350
     85        85       6         96.86         93.00     846056.36      0.43332      0.03340     0.6420     0.5520     0.5520
     85        85       9         96.86         93.00     882814.40      0.13669     -0.20503     0.8830     0.6210     0.6210
     85        85      12         96.86         93.00     852942.68      0.26170     -0.00760     0.7980     0.5640     0.5640
     85        85      15         96.86         93.00    1137364.01      1.38352     -2.31794     0.1560     0.9580     0.1560
     86        86       3         96.76          3.00     881744.23      0.16681     -0.55258     0.8360     0.7570     0.7570
     86        86       6         96.76          3.00     727303.55      0.16643      0.27202     0.8290     0.5400     0.5400
     86        86       9         96.76          3.00     646310.21      0.46261      0.91123     0.6100     0.3110     0.3110
     86        86      12         96.76          3.00     594627.85      1.06127      1.44410     0.2790     0.1790     0.1790
     86        86      15         96.77          3.00     629605.09      0.74601      1.32156     0.4600     0.1970     0.1970
     87        87       3         96.83        106.00     696188.18      0.71499      0.55553     0.3580     0.5420     0.3580
     87        87       6         96.83        106.00     826648.47      0.26711     -0.07294     0.7680     0.5700     0.5700
     87        87       9         96.83        106.00     788734.74      0.86718      0.17822     0.3380     0.5070     0.3380
     87        87      12         96.83        106.00     852302.20      0.57193     -0.29439     0.5410     0.6290     0.5410
     87        87      15         96.83        106.00     798177.81      1.10214      0.13786     0.2550     0.5210     0.2550
     88        88       3         96.91         34.00     479810.66      0.17011      1.79188     0.8270     0.2290     0.2290
     88        88       6         96.91         34.00     893421.62      0.85615      0.04759     0.3540     0.5460     0.3540
     88        88       9         96.91         34.00     983666.71      2.16639     -0.51003     0.0200     0.7040     0.0200
     88        88      12         96.91         34.00     968712.27      1.75539     -0.46590     0.0710     0.6950     0.0710
     88        88      15         96.91         34.00     891699.90      2.00857      0.08105     0.0440     0.5180     0.0440
     89        89       3         96.93         92.00     126255.46      0.31979      3.29452     0.6960     0.0240     0.0240
     89        89       6         96.92         92.00     431379.44      0.40989      2.53262     0.6440     0.0490     0.0490
     89        89       9         96.92         92.00     442339.99      0.96787      2.88195     0.3040     0.0140     0.0140
     89        89      12         96.92         92.00     583057.29      0.36427      2.23835     0.6940     0.0760     0.0760
     89        89      15         96.92         92.00     562285.89      0.60612      2.60676     0.5080     0.0220     0.0220
     90        90       3         96.90          2.00    1644608.32      1.40562     -3.23588     0.0690     0.9730     0.0690
     90        90       6         96.90          2.00    1318603.12      2.17582     -2.32785     0.0190     0.9500     0.0190
     90        90       9         96.90          2.00    1154750.80      2.43877     -1.67252     0.0070     0.8890     0.0070
     90        90      12         96.90          2.00    1094627.17      1.89028     -1.44478     0.0540     0.8740     0.0540
     90        90      15         96.90          2.00     983597.79      1.95272     -0.71785     0.0480     0.7340     0.0480
     91        91       3         96.86        209.00    2011474.48      0.08055     -5.20900     0.9170     0.9950     0.9170
     91        91       6         96.86        209.00    1451689.73      1.06247     -3.41643     0.2150     0.9780     0.2150
     91        91       9         96.86        209.00    1457983.20      0.02868     -4.02209     0.9770     0.9970     0.9770
     91        91      12         96.86        209.00    1274139.64      0.01947     -3.13563     0.9860     0.9870     0.9860
     91        91      15         96.86        209.00    1140526.92      0.29541     -2.34362     0.7460     0.9700     0.7460
     92        92       3         96.87         48.00     386916.62      1.62511      2.11549     0.0330     0.1820     0.0330
     92        92       6         96.87         48.00     803406.69      1.36860      0.34634     0.1200     0.4960     0.1200
     92        92       9         96.87         48.00     973514.42      1.57234     -0.70814     0.0840     0.7240     0.0840
     92        92      12         96.87         48.00     865578.97      1.59938     -0.00312     0.0970     0.5700     0.0970
     92        92      15         96.87         48.00     922997.72      1.88864     -0.46254     0.0650     0.6910     0.0650
     93        93       3         96.70          4.00     115307.72      1.02854      3.23695     0.1720     0.0270     0.0270
     93        93       6         96.70          4.00     600236.70      0.76881      0.95784     0.4310     0.3480     0.3480
     93        93       9         96.72          4.00     507776.60      1.20826      1.82958     0.1980     0.1280     0.1280
     93        93      12         96.73          4.00     506872.90      1.33408      2.08882     0.1720     0.0710     0.0710
     93        93      15         96.73          4.00     533778.07      1.29213      2.03802     0.1780     0.0640     0.0640
     94        94       3         96.87         36.00     397519.13      1.89832      2.06859     0.0070     0.2230     0.0070
     94        94       6         96.87         36.00     607540.98      2.05422      1.44497     0.0190     0.2080     0.0190
     94        94       9         96.87         36.00     639710.91      1.70316      1.47324     0.0760     0.1660     0.0760
     94        94      12         96.87         36.00     678954.53      2.71555      1.36165     0.0100     0.1830     0.0100
     94        94      15         96.87         36.00     863200.92      2.46671      0.01560     0.0120     0.5770     0.0120
     95        95       3         96.79          1.00     765314.61      0.77717      0.09415     0.3350     0.6100     0.3350
     95        95       6         96.80          1.00     501678.89      1.60754      1.74993     0.0720     0.1600     0.0720
     95        95       9         96.80          1.00     596683.51      1.02702      1.35419     0.2870     0.2090     0.2090
     95        95      12         96.80          1.00     590710.98      0.80525      1.56357     0.4060     0.1570     0.1570
     95        95      15         96.79          1.00     592031.88      0.33295      1.70464     0.7280     0.1160     0.1160
     96        96       3         96.89          8.00     251103.65      0.22505      2.73310     0.7520     0.0770     0.0770
     96        96       6         96.89          8.00     398817.63      1.12370      2.64963     0.2400     0.0380     0.0380
     96        96       9         96.89          8.00     934347.24      0.27973     -0.35961     0.7810     0.6560     0.6560
     96        96      12         96.89          8.00     940646.29      0.06270     -0.44779     0.9520     0.6530     0.6530
     96        96      15         96.89          8.00    1164533.14      0.39532     -2.25274     0.6970     0.9640     0.6970
     97        97       3         96.87         10.00    1025206.07      0.69587     -0.70800     0.3750     0.7710     0.3750
     97        97       6         96.86         10.00     961025.30      0.37218     -0.62149     0.6900     0.7120     0.6900
     97        97       9         96.87         10.00     864402.77      1.29690      0.00490     0.1760     0.5800     0.1760
     97        97      12         96.87         10.00     915808.10      0.63961     -0.37044     0.5060     0.6350     0.5060
     97        97      15         96.86         10.00     895580.40      0.39964     -0.24331     0.6960     0.6210     0.6210
     98        98       3         96.86         97.00    1310693.79      1.44149     -2.06093     0.0530     0.9000     0.0530
     98        98       6         96.86         97.00    1199340.92      2.22169     -1.87450     0.0170     0.9000     0.0170
     98        98       9         96.86         97.00    1301351.12      1.11648     -2.98262     0.2340     0.9800     0.2340
     98        98      12         96.86         97.00    1264389.58      0.02358     -3.06322     0.9820     0.9870     0.9820
     98        98      15         96.86         97.00    1202963.27      0.06255     -2.85064     0.9340     0.9900     0.9340
     99        99       3         96.84        187.00     543740.01      1.22019      1.34205     0.1090     0.3620     0.1090
     99        99       6         96.84        187.00     576224.24      1.14297      1.51349     0.1930     0.1970     0.1930
     99        99       9         96.84        187.00     774520.47      1.19329      0.42450     0.2120     0.4380     0.2120
     99        99      12         96.84        187.00     845443.14      2.08564     -0.06080     0.0310     0.5910     0.0310
     99        99      15         96.84        187.00     838425.45      2.23123     -0.00851     0.0190     0.5500     0.0190
    100       100       3         96.89         42.00     437183.65      0.55912      1.92245     0.5060     0.2190     0.2190
    100       100       6         96.89         42.00     355048.42      0.65606      2.89142     0.4850     0.0180     0.0180
    100       100       9         96.89         42.00     613347.25      1.80431      1.70629     0.0440     0.1210     0.0440
    100       100      12         96.89         42.00    1023802.31      0.55247     -1.04669     0.5620     0.7960     0.5620
    100       100      15         96.89         42.00     986066.07      1.34037     -0.84731     0.1880     0.7660     0.1880
    101       101       3         96.82         87.00     329497.49      1.34437      2.27866     0.0810     0.1420     0.0810
    101       101       6         96.82         87.00     977735.16      0.25612     -0.97321     0.7650     0.8030     0.7650
    101       101       9         96.82         87.00     811301.00      0.19431      0.02156     0.8560     0.5620     0.5620
    101       101      12         96.82         87.00     704923.82      0.00721      0.68024     0.9970     0.3920     0.3920
    101       101      15         96.82         87.00     647598.56      0.33402      1.24589     0.7330     0.1820     0.1820
    102       102       3         96.82        292.00     849575.98      0.29308     -0.28941     0.7000     0.6750     0.6750
    102       102       6         96.82        292.00     645896.92      0.40335      0.88441     0.6490     0.3510     0.3510
    102       102       9         96.82        292.00     573569.62      0.25728      1.54810     0.7690     0.1620     0.1620
    102       102      12         96.81        292.00     623209.54      0.03164      1.33478     0.9810     0.1960     0.1960
    102       102      15         96.82        292.00     632008.21      0.17045      1.38244     0.8660     0.1770     0.1770
    103       103       3         96.76        172.00    1028019.65      0.46983     -1.27913     0.5230     0.8320     0.5230
    103       103       6         96.77        172.00     827867.77      0.77944     -0.30917     0.4090     0.6490     0.4090
    103       103       9         96.77        172.00     834769.24      2.22426     -0.41034     0.0200     0.6840     0.0200
    103       103      12         96.77        172.00     865407.11      1.99934     -0.70825     0.0380     0.7170     0.0380
    103       103      15         96.77        172.00     798422.11      2.08877     -0.17902     0.0270     0.6120     0.0270
    104       104       3         96.88        126.00     474110.94      1.32606      1.76158     0.0860     0.2550     0.0860
    104       104       6         96.88        126.00    1298274.66      0.97703     -2.31902     0.2970     0.9470     0.2970
    104       104       9         96.88        126.00    1262076.22      0.54372     -2.46882     0.5690     0.9700     0.5690
    104       104      12         96.88        126.00    1181445.25      1.24054     -2.18204     0.2170     0.9600     0.2170
    104       104      15         96.88        126.00    1090320.63      1.22187     -1.66832     0.2020     0.9290     0.2020
    105       105       3         96.88        137.00    1195329.62      1.74608     -1.46055     0.0310     0.8480     0.0310
    105       105       6         96.88        137.00    1076256.67      2.04267     -1.18410     0.0190     0.8460     0.0190
    105       105       9         96.87        137.00    1113438.22      1.67118     -1.62252     0.0660     0.8860     0.0660
    105       105      12         96.87        137.00     989803.59      1.80716     -0.91156     0.0790     0.7950     0.0790
    105       105      15         96.88        137.00    1006606.25      1.02849     -1.13110     0.2900     0.8320     0.2900
    106       106       3         96.88         64.00     727181.64      0.72772      0.65909     0.3540     0.5000     0.3540
    106       106       6         96.88         64.00     623364.72      0.79100      1.40922     0.3950     0.2130     0.2130
    106       106       9         96.88         64.00     562062.34      1.06828      2.03635     0.2380     0.0870     0.0870
    106       106      12         96.88         64.00     788680.94      0.08181      0.64667     0.9250     0.3550     0.3550
    106       106      15         96.88         64.00     850326.08      0.20706      0.22164     0.8350     0.4650     0.4650
    107       107       3         96.91         58.00    1304616.33      0.61560     -1.70657     0.3990     0.8590     0.3990
    107       107       6         96.91         58.00     982230.44      0.75538     -0.49610     0.4420     0.7060     0.4420
    107       107       9         96.91         58.00     789955.18      0.77190      0.64189     0.4270     0.3790     0.3790
    107       107      12         96.91         58.00     773190.92      0.56610      0.83733     0.5430     0.2990     0.2990
    107       107      15         96.91         58.00     701444.91      0.50399      1.47255     0.5930     0.1480     0.1480
    108       108       3         96.86         71.00     917602.23      1.78857     -0.29506     0.0190     0.6640     0.0190
    108       108       6         96.86         71.00    1266051.82      0.47775     -2.35899     0.5960     0.9500     0.5960
    108       108       9         96.86         71.00    1042134.90      0.50694     -1.26235     0.5860     0.8690     0.5860
    108       108      12         96.86         71.00    1084628.97      1.19113     -1.72822     0.2090     0.9130     0.2090
    108       108      15         96.86         71.00    1013346.82      1.77059     -1.31087     0.0800     0.8790     0.0800
    109       109       3         96.85         66.00     768792.65      0.16650      0.31352     0.8210     0.5870     0.5870
    109       109       6         96.85         66.00     799614.62      0.97505      0.21894     0.2840     0.5170     0.2840
    109       109       9         96.85         66.00     751880.36      0.69622      0.57736     0.4860     0.3900     0.3900
    109       109      12         96.85         66.00     713837.31      0.62127      0.93352     0.4940     0.3070     0.3070
    109       109      15         96.85         66.00     748594.75      1.09844      0.83904     0.2460     0.3100     0.2460
    110       110       3         96.87        119.00     830398.91      0.50154      0.15373     0.5050     0.5700     0.5050
    110       110       6         96.88        119.00     933783.75      0.30387     -0.38496     0.7650     0.6460     0.6460
    110       110       9         96.87        119.00     827824.70      0.19879      0.24393     0.8400     0.5060     0.5060
    110       110      12         96.87        119.00    1038400.78      0.38753     -1.26695     0.6910     0.8690     0.6910
    110       110      15         96.87        119.00    1130900.50      0.88186     -2.12498     0.3640     0.9620     0.3640
    111       111       3         96.92         21.00     244839.09      0.58197      2.78853     0.4520     0.0780     0.0780
    111       111       6         96.92         21.00     256056.06      0.62396      3.47557     0.4870     0.0070     0.0070
    111       111       9         96.92         21.00     619826.19      0.48767      1.76981     0.6470     0.1170     0.1170
    111       111      12         96.92         21.00     683351.14      0.46587      1.53508     0.6250     0.1440     0.1440
    111       111      15         96.92         21.00     809887.29      1.33201      0.70833     0.1760     0.3440     0.1760
    112       112       3         96.81         64.00     590972.21      0.24689      0.96360     0.7680     0.4080     0.4080
    112       112       6         96.81         64.00     541324.23      0.56977      1.52689     0.5440     0.1910     0.1910
    112       112       9         96.81         64.00     594924.74      0.75112      1.39524     0.4360     0.2080     0.2080
    112       112      12         96.81         64.00     578022.75      1.34876      1.69674     0.1340     0.1250     0.1250
    112       112      15         96.81         64.00     723593.00      1.65502      0.58028     0.0820     0.3600     0.0820
    113       113       3         96.83         14.00     567059.52      0.12405      1.16232     0.8730     0.3830     0.3830
    113       113       6         96.83         14.00     564329.45      0.96740      1.49011     0.2810     0.1780     0.1780
    113       113       9         96.83         14.00     738695.50      1.02197      0.52559     0.2890     0.4120     0.2890
    113       113      12         96.83         14.00     637430.14      1.09281      1.37486     0.2620     0.1570     0.1570
    113       113      15         96.83         14.00     777264.86      1.35723      0.31550     0.1530     0.4290     0.1530
    114       114       3         96.85         61.00     768792.65      0.16650      0.31352     0.8310     0.5710     0.5710
    114       114       6         96.85         61.00     799614.62      0.97505      0.21894     0.3040     0.5110     0.3040
    114       114       9         96.85         61.00     751880.36      0.69622      0.57736     0.4540     0.3900     0.3900
    114       114      12         96.85         61.00     766151.53      1.29465      0.63695     0.1730     0.3750     0.1730
    114       114      15         96.85         61.00     990414.63      0.47360     -1.12465     0.6430     0.8280     0.6430
    115       115       3         96.86         80.00    1310693.79      1.44149     -2.06093     0.0730     0.9020     0.0730
    115       115       6         96.86         80.00    1199340.92      2.22169     -1.87450     0.0090     0.8870     0.0090
    115       115       9         96.86         80.00    1417725.71      0.59548     -3.61101     0.4820     0.9880     0.4820
    115       115      12         96.87         80.00    1271404.46      0.24850     -2.97089     0.7800     0.9900     0.7800
    115       115      15         96.87         80.00    1195705.76      0.28007     -2.64318     0.7720     0.9730     0.7720
    116       116       3         96.93        123.00     534396.78      1.13402      1.57313     0.1480     0.2790     0.1480
    116       116       6         96.93        123.00     806165.13      0.54154      0.54132     0.5580     0.4350     0.4350
    116       116       9         96.92        123.00     836002.41      0.41105      0.41524     0.6630     0.4460     0.4460
    116       116      12         96.92        123.00     852139.83      0.39278      0.35152     0.6780     0.4230     0.4230
    116       116      15         96.92        123.00     827840.65      0.47531      0.57067     0.6280     0.3810     0.3810
    117       117       3         96.83        139.00     260904.00      1.24979      2.60100     0.1090     0.1030     0.1030
    117       117       6         96.83        139.00     381530.53      1.46972      2.57934     0.1150     0.0600     0.0600
    117       117       9         96.83        139.00     502919.29      1.80954      2.16237     0.0580     0.0590     0.0580
    117       117      12         96.83        139.00     639621.48      1.44834      1.35784     0.1300     0.1770     0.1300
    117       117      15         96.83        139.00     609930.96      1.73353      1.73692     0.0780     0.1100     0.0780
    118       118       3         96.84        138.00    1188112.32      1.37179     -1.60283     0.0720     0.8610     0.0720
    118       118       6         96.84        138.00     803020.84      2.30973      0.19920     0.0080     0.5200     0.0080
    118       118       9         96.84        138.00    1010299.11      1.39832     -1.16736     0.1470     0.8270     0.1470
    118       118      12         96.84        138.00     946085.98      1.66834     -0.82119     0.0930     0.7830     0.0930
    118       118      15         96.85        138.00     878251.97      1.59722     -0.33753     0.1060     0.6410     0.1060
    119       119       3         96.85        223.00     767654.06      0.90026      0.31873     0.2300     0.5860     0.2300
    119       119       6         96.85        223.00     671651.78      0.86075      0.96049     0.3130     0.3250     0.3130
    119       119       9         96.85        223.00     568470.33      1.09096      1.81565     0.2530     0.1080     0.1080
    119       119      12         96.85        223.00     730793.78      0.81765      0.80541     0.3960     0.3490     0.3490
    119       119      15         96.85        223.00     699001.56      0.81455      1.14331     0.3830     0.2180     0.2180
    120       120       3         96.91        153.00    1037075.72      0.00165     -0.57178     0.9990     0.7600     0.7600
    120       120       6         96.91        153.00     740473.88      0.73181      0.87020     0.4340     0.3700     0.3700
    120       120       9         96.91        153.00     748454.99      0.40765      0.96382     0.6590     0.2870     0.2870
    120       120      12         96.91        153.00     662848.81      0.84023      1.67884     0.4010     0.1290     0.1290
    120       120      15         96.91        153.00     623454.91      1.25747      2.13776     0.1890     0.0460     0.0460
    121       121       3         96.85        194.00     766628.89      0.82840      0.32341     0.2880     0.5490     0.2880
    121       121       6         96.85        194.00     909144.28      0.26376     -0.41579     0.7690     0.6660     0.6660
    121       121       9         96.85        194.00     748693.79      0.40948      0.59887     0.6700     0.3830     0.3830
    121       121      12         96.85        194.00     791477.64      1.16926      0.34692     0.2200     0.4270     0.2200
    121       121      15         96.85        194.00     708846.02      1.30747      1.06198     0.1630     0.2560     0.1630
    122       122       3         96.84        139.00     329916.45      0.53824      2.31926     0.4540     0.1330     0.1330
    122       122       6         96.85        139.00     644378.91      0.49741      1.11853     0.5850     0.2670     0.2670
    122       122       9         96.84        139.00     624141.70      1.24929      1.43978     0.1960     0.1940     0.1940
    122       122      12         96.84        139.00     740068.51      0.42458      0.73534     0.6540     0.3380     0.3380
    122       122      15         96.85        139.00     690749.10      0.43971      1.21149     0.6740     0.1950     0.1950
    123       123       3         96.83        155.00     827246.88      0.29981     -0.06034     0.6880     0.6280     0.6280
    123       123       6         96.83        155.00     630991.69      0.29009      1.09290     0.7510     0.2800     0.2800
    123       123       9         96.83        155.00     561478.55      0.10468      1.75585     0.9110     0.1200     0.1200
    123       123      12         96.83        155.00     502039.36      0.35987      2.42666     0.7290     0.0350     0.0350
    123       123      15         96.83        155.00     553568.77      0.49210      2.21568     0.6030     0.0500     0.0500
    124       124       3         96.87        152.00     754299.85      0.34561      0.49036     0.6450     0.5230     0.5230
    124       124       6         96.87        152.00    1180615.00      0.54588     -1.76946     0.5590     0.9100     0.5590
    124       124       9         96.87        152.00    1072557.61      0.95163     -1.35537     0.3140     0.8610     0.3140
    124       124      12         96.87        152.00    1055789.65      0.49486     -1.39412     0.5920     0.8880     0.5920
    124       124      15         96.87        152.00    1133311.25      0.39002     -2.14426     0.6910     0.9580     0.6910
    125       125       3         96.91         90.00    1043945.23      0.83588     -0.60092     0.2670     0.7810     0.2670
    125       125       6         96.91         90.00    1107227.74      0.28860     -1.17678     0.7460     0.8120     0.7460
    125       125       9         96.90         90.00     893034.71      0.10494     -0.01209     0.9140     0.5550     0.5550
    125       125      12         96.90         90.00     844765.23      0.46623      0.32917     0.6150     0.4680     0.4680
    125       125      15         96.90         90.00     787603.57      0.30487      0.80368     0.7690     0.3300     0.3300
    126       126       3         96.84        119.00     578702.26      1.32684      1.18227     0.0750     0.3900     0.0750
    126       126       6         96.85        119.00     799614.62      0.97505      0.21894     0.2850     0.5040     0.2850
    126       126       9         96.84        119.00     753195.56      1.02025      0.56848     0.2700     0.3990     0.2700
    126       126      12         96.84        119.00     664044.15      1.13107      1.30972     0.2460     0.2100     0.2100
    126       126      15         96.84        119.00     625329.31      1.60606      1.75194     0.0980     0.0950     0.0950
    127       127       3         96.86         78.00     143059.01      0.68620      3.18437     0.3630     0.0220     0.0220
    127       127       6         96.86         78.00     628320.74      0.21460      1.27367     0.8090     0.2610     0.2610
    127       127       9         96.86         78.00     584984.55      0.45851      1.77149     0.6210     0.1230     0.1230
    127       127      12         96.86         78.00     643354.91      0.03272      1.54891     0.9730     0.1490     0.1490
    127       127      15         96.86         78.00     903965.31      0.97493     -0.42264     0.3160     0.6760     0.3160
    128       128       3         96.79         27.00     267280.76      0.47509      2.52335     0.5440     0.0870     0.0870
    128       128       6         96.79         27.00     405733.40      0.49801      2.34333     0.5880     0.0790     0.0790
    128       128       9         96.79         27.00     566296.88      0.25389      1.57314     0.8000     0.1770     0.1770
    128       128      12         96.79         27.00     670135.26      1.29023      0.92313     0.1730     0.2930     0.1730
    128       128      15         96.79         27.00     659266.89      1.31437      1.10522     0.1590     0.2240     0.1590
    129       129       3         96.90         17.00     547681.32      0.05901      1.47496     0.9330     0.2880     0.2880
    129       129       6         96.90         17.00     568499.86      0.86366      1.75691     0.3490     0.1460     0.1460
    129       129       9         96.90         17.00     658263.34      0.15067      1.47740     0.8670     0.1990     0.1990
    129       129      12         96.90         17.00     740519.45      0.37814      1.06929     0.7090     0.2690     0.2690
    129       129      15         96.90         17.00     721952.66      0.42261      1.31334     0.6480     0.1630     0.1630
    130       130       3         96.87         84.00     687417.78      0.88561      0.78621     0.2710     0.4640     0.2710
    130       130       6         96.87         84.00     721743.14      1.74411      0.80440     0.0440     0.3670     0.0440
    130       130       9         96.87         84.00     989574.81      1.25802     -0.81309     0.1710     0.7620     0.1710
    130       130      12         96.87         84.00     862348.13      1.57040      0.02051     0.0870     0.5540     0.0870
    130       130      15         96.87         84.00     779854.50      1.82122      0.68206     0.0650     0.3760     0.0650
    131       131       3         96.73          4.00    1073310.25      1.23477     -1.60126     0.0900     0.8670     0.0900
    131       131       6         96.74          4.00    1003323.28      1.24226     -1.52624     0.1850     0.8740     0.1850
    131       131       9         96.73          4.00     921818.99      1.06465     -1.23368     0.2580     0.8490     0.2580
    131       131      12         96.74          4.00     926619.42      2.27247     -1.35404     0.0160     0.8800     0.0160
    131       131      15         96.75          4.00    1009571.39      1.72797     -2.14659     0.0730     0.9460     0.0730
    132       132       3         96.89         45.00     196996.75      1.18820      2.96882     0.1030     0.0410     0.0410
    132       132       6         96.89         45.00     640328.67      0.90354      1.31551     0.3040     0.2370     0.2370
    132       132       9         96.89         45.00     773607.71      0.31663      0.67488     0.7260     0.3860     0.3860
    132       132      12         96.89         45.00     958497.77      0.75171     -0.57636     0.4580     0.7160     0.4580
    132       132      15         96.89         45.00     903777.81      0.82068     -0.19929     0.3910     0.6090     0.3910
    133       133       3         96.86          8.00     824822.05      0.64592      0.12173     0.3770     0.6460     0.3770
    133       133       6         96.86          8.00     870374.06      1.12646     -0.10512     0.2150     0.5950     0.2150
    133       133       9         96.87          8.00     787095.10      0.99508      0.51010     0.3140     0.4140     0.3140
    133       133      12         96.86          8.00     854130.06      0.81355     -0.01642     0.4140     0.5870     0.4140
    133       133      15         96.86          8.00     840080.28      0.24409      0.09614     0.8050     0.5270     0.5270
    134       134       3         96.89         30.00     799088.03      0.97334      0.34583     0.2160     0.5480     0.2160
    134       134       6         96.89         30.00     724303.04      1.20951      0.85163     0.1700     0.3360     0.1700
    134       134       9         96.89         30.00     746458.39      1.93533      0.84961     0.0350     0.3100     0.0350
    134       134      12         96.89         30.00    1111603.38      0.85919     -1.67903     0.3430     0.8980     0.3430
    134       134      15         96.89         30.00    1053442.61      0.74129     -1.37790     0.4350     0.8750     0.4350
    135       135       3         96.84         95.00    1022216.60      0.14655     -0.84466     0.8550     0.7610     0.7610
    135       135       6         96.84         95.00     871521.41      0.71733     -0.19776     0.4090     0.6580     0.4090
    135       135       9         96.84         95.00     830132.75      0.32744      0.04903     0.7280     0.5420     0.5420
    135       135      12         96.84         95.00     762673.95      0.18585      0.56454     0.8320     0.3820     0.3820
    135       135      15         96.84         95.00     694274.60      0.20339      1.18236     0.8500     0.2000     0.2000
    136       136       3         96.85        134.00     966839.79      0.51451     -0.59158     0.5010     0.7470     0.5010
    136       136       6         96.85        134.00     909144.28      0.26376     -0.41579     0.7620     0.7200     0.7200
    136       136       9         96.85        134.00     801720.86      0.85463      0.24086     0.3840     0.4890     0.3840
    136       136      12         96.85        134.00     780893.29      1.24716      0.42689     0.1900     0.4490     0.1900
    136       136      15         96.85        134.00     708846.02      1.30747      1.06198     0.1810     0.2490     0.1810
    137       137       3         96.87        227.00    1539942.57      1.13056     -2.98495     0.1370     0.9600     0.1370
    137       137       6         96.87        227.00    1389881.02      1.71827     -2.94325     0.0640     0.9710     0.0640
    137       137       9         96.87        227.00    1304343.30      0.75534     -2.87007     0.4470     0.9800     0.4470
    137       137      12         96.87        227.00    1171722.76      0.48301     -2.24193     0.6070     0.9570     0.6070
    137       137      15         96.87        227.00    1081912.55      0.64649     -1.73327     0.4760     0.9130     0.4760
    138       138       3         96.86         67.00     143059.01      0.68620      3.18437     0.3520     0.0230     0.0230
    138       138       6         96.86         67.00     628320.74      0.21460      1.27367     0.8020     0.2670     0.2670
    138       138       9         96.86         67.00     622169.01      0.97871      1.52472     0.3140     0.1500     0.1500
    138       138      12         96.86         67.00     792070.13      0.33400      0.44447     0.7630     0.4040     0.4040
    138       138      15         96.86         67.00     780212.13      0.16480      0.58229     0.8660     0.3640     0.3640
    139       139       3         96.91        229.00    1344717.14      0.66523     -1.94797     0.3420     0.8920     0.3420
    139       139       6         96.91        229.00    1202841.92      2.08554     -1.69746     0.0180     0.8980     0.0180
    139       139       9         96.91        229.00    1124810.07      1.74071     -1.48257     0.0780     0.8810     0.0780
    139       139      12         96.91        229.00    1010075.83      1.53705     -0.75594     0.1000     0.7440     0.1000
    139       139      15         96.91        229.00     922157.70      1.66932     -0.24088     0.1040     0.6230     0.1040
    140       140       3         96.87          5.00     807619.99      0.52815      0.25450     0.5030     0.5860     0.5030
    140       140       6         96.87          5.00    1035121.75      1.61423     -0.95337     0.0710     0.7870     0.0710
    140       140       9         96.87          5.00    1125003.28      2.17950     -1.69810     0.0170     0.9110     0.0170
    140       140      12         96.87          5.00    1113643.23      1.60718     -1.81719     0.1000     0.9270     0.1000
    140       140      15         96.87          5.00    1248536.43      0.24501     -3.06563     0.8020     0.9890     0.8020
    141       141       3         96.84        120.00     329916.45      0.53824      2.31926     0.5130     0.1040     0.1040
    141       141       6         96.84        120.00     628784.72      0.63084      1.20890     0.4720     0.2570     0.2570
    141       141       9         96.84        120.00     624141.70      1.24929      1.43978     0.1770     0.1770     0.1770
    141       141      12         96.84        120.00     730120.83      0.47623      0.81049     0.6310     0.3160     0.3160
    141       141      15         96.84        120.00     700584.97      0.36415      1.13023     0.7140     0.2340     0.2340
    142       142       3         96.85        120.00     726708.16      0.10433      0.50586     0.8910     0.5250     0.5250
    142       142       6         96.85        120.00     523652.26      0.11808      1.81815     0.9090     0.1430     0.1430
    142       142       9         96.85        120.00     632055.31      0.49130      1.38636     0.5960     0.1910     0.1910
    142       142      12         96.85        120.00     654106.31      0.75796      1.38481     0.4430     0.1920     0.1920
    142       142      15         96.85        120.00     733686.23      0.60526      0.85677     0.5350     0.3050     0.3050
    143       143       3         96.86         12.00     768978.07      1.43392      0.37259     0.0650     0.5510     0.0650
    143       143       6         96.86         12.00     628996.24      1.95719      1.26982     0.0320     0.2490     0.0320
    143       143       9         96.86         12.00    1431146.97      0.25093     -3.84399     0.7940     0.9970     0.7940
    143       143      12         96.86         12.00    1235632.76      0.36634     -2.84966     0.6950     0.9720     0.6950
    143       143      15         96.86         12.00    1119034.41      0.86583     -2.16910     0.3850     0.9380     0.3850
    144       144       3         96.84         13.00     446209.14      0.08203      1.78778     0.9060     0.2410     0.2410
    144       144       6         96.84         13.00     490570.41      0.13096      2.00986     0.8910     0.1140     0.1140
    144       144       9         96.84         13.00     465673.69      0.03333      2.50968     0.9730     0.0350     0.0350
    144       144      12         96.84         13.00     686684.89      0.29379      1.13867     0.7660     0.2220     0.2220
    144       144      15         96.84         13.00     660541.31      0.85752      1.46104     0.3710     0.1370     0.1370
    145       145       3         96.86        142.00     583073.95      1.22003      1.20772     0.1110     0.3730     0.1110
    145       145       6         96.86        142.00    1243125.41      0.23460     -2.22840     0.7950     0.9430     0.7950
    145       145       9         96.86        142.00    1061308.90      1.08930     -1.38960     0.2520     0.8650     0.2520
    145       145      12         96.86        142.00     975718.17      1.21554     -0.91940     0.2080     0.7800     0.2080
    145       145      15         96.86        142.00    1007969.08      2.25161     -1.26720     0.0270     0.8380     0.0270
    146       146       3         96.88         73.00     248875.44      0.25845      2.74281     0.7290     0.0820     0.0820
    146       146       6         96.88         73.00     714226.71      1.08873      0.90729     0.2240     0.3320     0.2240
    146       146       9         96.88         73.00     707660.29      0.74294      1.09931     0.4230     0.2510     0.2510
    146       146      12         96.88         73.00     765780.96      1.28795      0.81160     0.1520     0.3380     0.1520
    146       146      15         96.88         73.00     954249.92      1.97480     -0.59676     0.0340     0.7010     0.0340
    147       147       3         96.88         72.00     248875.44      0.25845      2.74281     0.7330     0.0730     0.0730
    147       147       6         96.88         72.00     714226.71      1.08873      0.90729     0.2410     0.3230     0.2410
    147       147       9         96.88         72.00     828919.95      1.23513      0.23678     0.1800     0.5000     0.1800
    147       147      12         96.88         72.00     758372.58      1.14331      0.78087     0.2260     0.3530     0.2260
    147       147      15         96.88         72.00     874686.09      1.49936      0.02980     0.1100     0.5380     0.1100
    148       148       3         96.86         50.00    1340793.92      1.04086     -2.19614     0.1610     0.9230     0.1610
    148       148       6         96.86         50.00     963927.73      0.87235     -0.63803     0.3470     0.7010     0.3470
    148       148       9         96.86         50.00    1065533.53      1.43144     -1.41763     0.1320     0.8850     0.1320
    148       148      12         96.86         50.00    1002214.22      1.73811     -1.11617     0.0860     0.7990     0.0860
    148       148      15         96.86         50.00     934946.28      2.04444     -0.67422     0.0440     0.7460     0.0440
    149       149       3         96.85        192.00     183394.26      0.26199      2.98889     0.7220     0.0400     0.0400
    149       149       6         96.85        192.00     608956.55      0.29287      1.38397     0.7610     0.2320     0.2320
    149       149       9         96.85        192.00     656987.53      0.89623      1.21803     0.3360     0.2200     0.2200
    149       149      12         96.85        192.00     629398.89      1.22916      1.57148     0.2250     0.1230     0.1230
    149       149      15         96.85        192.00     798676.65      0.32895      0.31987     0.7300     0.4480     0.4480
    150       150       3         96.87         32.00    1010928.96      0.62334     -0.64485     0.4130     0.7280     0.4130
    150       150       6         96.87         32.00     994016.68      0.64949     -0.72281     0.4570     0.7490     0.4570
    150       150       9         96.87         32.00     902410.30      1.34896     -0.24348     0.1470     0.6180     0.1470
    150       150      12         96.87         32.00    1102497.15      0.67833     -1.73568     0.4700     0.9300     0.4700
    150       150      15         96.87         32.00    1054839.34      1.04941     -1.51678     0.2790     0.9030     0.2790
    151       151       3         96.88         64.00     645652.75      0.55010      1.01426     0.4650     0.4120     0.4120
    151       151       6         96.88         64.00     911632.91      0.05837     -0.18319     0.9430     0.6240     0.6240
    151       151       9         96.88         64.00    1119441.99      0.26490     -1.55085     0.7740     0.8940     0.7740
    151       151      12         96.88         64.00     976440.02      0.09101     -0.70558     0.9070     0.7620     0.7620
    151       151      15         96.88         64.00     909252.66      0.33941     -0.24241     0.7510     0.6390     0.6390
    152       152       3         96.86        140.00     952757.53      0.65664     -0.45299     0.3720     0.6770     0.3720
    152       152       6         96.86        140.00     954724.26      0.11572     -0.58560     0.9100     0.7160     0.7160
    152       152       9         96.86        140.00    1063962.29      0.74886     -1.40721     0.4270     0.8620     0.4270
    152       152      12         96.86        140.00     983615.88      1.24763     -0.97805     0.1810     0.8200     0.1810
    152       152      15         96.86        140.00    1035473.60      1.97753     -1.49054     0.0500     0.9050     0.0500
    153       153       3         96.86          7.00     510036.61      0.20843      1.53582     0.7820     0.2940     0.2940
    153       153       6         96.86          7.00     583718.92      0.84758      1.52773     0.3520     0.2040     0.2040
    153       153       9         96.86          7.00     904161.27      1.79728     -0.34670     0.0510     0.6620     0.0510
    153       153      12         96.86          7.00     828475.58      1.63935      0.17410     0.0880     0.4820     0.0880
    153       153      15         96.86          7.00     948793.39      1.78789     -0.78666     0.0660     0.7580     0.0660
    154       154       3         96.84          2.00     514537.63      0.56053      1.47551     0.4790     0.3190     0.3190
    154       154       6         96.84          2.00     490570.41      0.13096      2.00986     0.8780     0.1060     0.1060
    154       154       9         96.84          2.00     570277.96      0.29444      1.80345     0.7680     0.1450     0.1450
    154       154      12         96.84          2.00     609245.24      0.59152      1.72375     0.5500     0.1140     0.1140
    154       154      15         96.84          2.00     715159.35      0.06007      1.00983     0.9470     0.2360     0.2360
    155       155       3         96.87        121.00     754299.85      0.34561      0.49036     0.6520     0.5380     0.5380
    155       155       6         96.87        121.00     887865.05      0.29317     -0.12740     0.7230     0.6190     0.6190
    155       155       9         96.87        121.00    1349075.35      0.00569     -3.16239     0.9910     0.9870     0.9870
    155       155      12         96.87        121.00    1190745.62      0.62415     -2.38104     0.5210     0.9590     0.5210
    155       155      15         96.87        121.00    1123087.41      0.32477     -2.06251     0.7560     0.9440     0.7560
    156       156       3         96.86         88.00    1368038.91      1.19117     -2.31853     0.1210     0.9180     0.1210
    156       156       6         96.87         88.00    1140611.95      1.02971     -1.54508     0.2570     0.8820     0.2570
    156       156       9         96.87         88.00     984746.10      0.68688     -0.78153     0.4690     0.7540     0.4690
    156       156      12         96.86         88.00    1029174.30      1.35280     -1.31639     0.1590     0.8400     0.1590
    156       156      15         96.86         88.00     994726.90      1.16190     -1.15966     0.2130     0.8250     0.2130
    157       157       3         96.87        138.00    1150386.93      0.14398     -1.26174     0.8450     0.8210     0.8210
    157       157       6         96.87        138.00     994016.68      0.64949     -0.72281     0.5080     0.7410     0.5080
    157       157       9         96.87        138.00    1225491.23      0.41042     -2.35478     0.6790     0.9550     0.6790
    157       157      12         96.87        138.00    1099572.79      0.72528     -1.71430     0.4300     0.9210     0.4300
    157       157      15         96.87        138.00    1051194.82      0.14894     -1.48764     0.8840     0.8870     0.8840
    158       158       3         96.86          8.00     348097.13      0.07358      2.26329     0.9280     0.1650     0.1650
    158       158       6         96.86          8.00     743531.34      1.66211      0.61740     0.0690     0.4540     0.0690
    158       158       9         96.87          8.00     730092.39      1.18983      0.88260     0.2050     0.3010     0.2050
    158       158      12         96.87          8.00     792409.37      0.86334      0.53196     0.3580     0.4210     0.3580
    158       158      15         96.87          8.00     740028.14      0.76138      1.00052     0.4200     0.2630     0.2630
    159       159       3         96.81         59.00     772262.64      0.13633      0.06026     0.8460     0.6210     0.6210
    159       159       6         96.81         59.00     916864.31      1.15457     -0.78039     0.1990     0.7600     0.1990
    159       159       9         96.81         59.00     777312.47      1.75348      0.08971     0.0760     0.5340     0.0760
    159       159      12         96.81         59.00     785005.04      1.45941      0.03878     0.1160     0.5410     0.1160
    159       159      15         96.81         59.00     804040.88      2.51301     -0.17125     0.0100     0.5960     0.0100
    160       160       3         96.85        106.00    1282623.90      0.30783     -1.93483     0.7140     0.9080     0.7140
    160       160       6         96.85        106.00     930649.73      0.35785     -0.44847     0.7260     0.6930     0.6930
    160       160       9         96.85        106.00    1064954.33      0.81881     -1.41379     0.3990     0.8760     0.3990
    160       160      12         96.86        106.00     954543.56      1.47581     -0.76214     0.1370     0.7290     0.1370
    160       160      15         96.86        106.00     878342.26      1.21083     -0.21457     0.2280     0.6310     0.2280
    161       161       3         96.86         28.00     452887.67      0.29710      1.79254     0.7220     0.2720     0.2720
    161       161       6         96.86         28.00     961025.30      0.37218     -0.62149     0.6990     0.7190     0.6990
    161       161       9         96.86         28.00     890306.94      0.00145     -0.25476     0.9990     0.6390     0.6390
    161       161      12         96.86         28.00     884267.79      0.42084     -0.24024     0.6590     0.6350     0.6350
    161       161      15         96.86         28.00     934167.19      0.40205     -0.66789     0.6690     0.7120     0.6690
    162       162       3         96.86        108.00    1035672.75      0.07881     -0.82547     0.9170     0.7760     0.7760
    162       162       6         96.86        108.00     954618.57      0.58864     -0.58500     0.5190     0.7170     0.5190
    162       162       9         96.86        108.00     766475.93      0.48257      0.56704     0.6100     0.4120     0.4120
    162       162      12         96.86        108.00     895861.41      0.27046     -0.32634     0.7870     0.6620     0.6620
    162       162      15         96.86        108.00     912356.55      0.28288     -0.49078     0.7720     0.6850     0.6850
    163       163       3         96.86         26.00     419184.54      0.19605      1.94395     0.8000     0.2210     0.2210
    163       163       6         96.86         26.00     615898.38      0.25064      1.34443     0.8020     0.2520     0.2520
    163       163       9         96.86         26.00     588199.92      0.14521      1.75015     0.8560     0.1390     0.1390
    163       163      12         96.86         26.00     658259.73      0.67318      1.43822     0.5130     0.1590     0.1590
    163       163      15         96.86         26.00     838646.89      0.99823      0.10778     0.2950     0.4680     0.2950
    164       164       3         96.80         27.00     500812.30      0.09169      1.38428     0.9000     0.3450     0.3450
    164       164       6         96.80         27.00     411352.92      0.50931      2.30858     0.5590     0.0900     0.0900
    164       164       9         96.81         27.00     789548.80      0.05257     -0.03553     0.9650     0.5910     0.5910
    164       164      12         96.80         27.00     861472.14      0.21090     -0.61972     0.8270     0.7210     0.7210
    164       164      15         96.80         27.00     835004.71      0.61387     -0.44426     0.5350     0.6900     0.5350
    165       165       3         96.83         28.00     696188.18      0.71499      0.55553     0.3620     0.5070     0.3620
    165       165       6         96.82         28.00     807896.06      0.37477      0.03879     0.6850     0.5680     0.5680
    165       165       9         96.82         28.00     777444.95      0.44559      0.25659     0.6050     0.4940     0.4940
    165       165      12         96.82         28.00     800146.50      0.28630      0.11078     0.7830     0.5220     0.5220
    165       165      15         96.82         28.00     732244.70      0.58028      0.69792     0.5320     0.3610     0.3610
    166       166       3         96.87         79.00    1025206.07      0.69587     -0.70800     0.3510     0.7250     0.3510
    166       166       6         96.87         79.00     721743.14      1.74411      0.80440     0.0580     0.3710     0.0580
    166       166       9         96.87         79.00     612142.26      1.95495      1.65340     0.0270     0.1220     0.0270
    166       166      12         96.87         79.00     811416.09      1.10559      0.39297     0.2520     0.4180     0.2520
    166       166      15         96.87         79.00     879204.27      1.23422     -0.11236     0.2300     0.5930     0.2300
    167       167       3         96.84        188.00     438044.16      0.56825      1.82510     0.4650     0.2290     0.2290
    167       167       6         96.85        188.00    1182147.48      0.61724     -1.99785     0.4690     0.9270     0.4690
    167       167       9         96.84        188.00    1010299.11      1.39832     -1.16736     0.1300     0.8190     0.1300
    167       167      12         96.85        188.00     920704.44      1.01657     -0.62943     0.3010     0.7300     0.3010
    167       167      15         96.85        188.00     875157.46      1.46662     -0.31196     0.1470     0.6170     0.1470
    168       168       3         96.82         90.00     413007.70      0.22746      1.82589     0.7500     0.2510     0.2510
    168       168       6         96.81         90.00     632527.05      0.79486      0.96655     0.3740     0.3280     0.3280
    168       168       9         96.81         90.00     613092.76      1.53323      1.26519     0.0980     0.2150     0.0980
    168       168      12         96.81         90.00     732401.02      0.74262      0.46014     0.4350     0.4220     0.4220
    168       168      15         96.81         90.00     841102.88      0.94968     -0.44894     0.3380     0.6860     0.3380
    169       169       3         96.85        111.00     597335.97      0.12407      1.09711     0.8890     0.3880     0.3880
    169       169       6         96.85        111.00     941372.48      0.05576     -0.60255     0.9490     0.7300     0.7300
    169       169       9         96.85        111.00     799903.87      0.48668      0.25312     0.6250     0.4650     0.4650
    169       169      12         96.85        111.00     743361.55      0.91053      0.71046     0.3510     0.3370     0.3370
    169       169      15         96.85        111.00     728682.73      1.64278      0.89811     0.0820     0.2750     0.0820
    170       170       3         96.83         71.00    1048747.17      0.25679     -1.10120     0.7240     0.8070     0.7240
    170       170       6         96.83         71.00     886732.18      0.28425     -0.43096     0.7440     0.6710     0.6710
    170       170       9         96.83         71.00     728668.88      0.07237      0.59520     0.9360     0.4000     0.4000
    170       170      12         96.83         71.00     738544.57      0.42871      0.58934     0.6460     0.3700     0.3700
    170       170      15         96.83         71.00     707726.14      0.04643      0.90620     0.9660     0.2840     0.2840
    171       171       3         96.85         41.00     598630.52      0.56917      1.13783     0.4750     0.3810     0.3810
    171       171       6         96.85         41.00    1242028.25      1.29360     -2.22215     0.1550     0.9510     0.1550
    171       171       9         96.85         41.00    1010459.93      1.22284     -1.05214     0.2000     0.8090     0.2000
    171       171      12         96.85         41.00     913630.55      0.88147     -0.45830     0.3530     0.6530     0.3530
    171       171      15         96.85         41.00     875597.38      1.48367     -0.19228     0.1440     0.5960     0.1440
    172       172       3         96.80         54.00    1459037.35      0.47257     -3.28953     0.5160     0.9650     0.5160
    172       172       6         96.80         54.00    1048870.07      0.85621     -1.63436     0.3460     0.8920     0.3460
    172       172       9         96.80         54.00     925209.40      1.86747     -1.01306     0.0520     0.8070     0.0520
    172       172      12         96.80         54.00     882617.56      2.45029     -0.79023     0.0090     0.7750     0.0090
    172       172      15         96.80         54.00     802825.92      2.80598     -0.16054     0.0060     0.6030     0.0060
    173       173       3         96.85        192.00     570875.24      0.81636      1.21804     0.2920     0.4080     0.2920
    173       173       6         96.85        192.00     749005.75      0.57028      0.51222     0.5470     0.4440     0.4440
    173       173       9         96.85        192.00     630516.50      0.28320      1.39675     0.7710     0.1850     0.1850
    173       173      12         96.85        192.00     664669.23      0.30615      1.30500     0.7580     0.2090     0.2090
    173       173      15         96.85        192.00     694694.90      0.39423      1.17889     0.6880     0.2200     0.2200
    174       174       3         96.77          9.00     205243.52      0.82154      2.81779     0.2960     0.0700     0.0700
    174       174       6         96.77          9.00     556285.81      0.97251      1.38419     0.2910     0.2410     0.2410
    174       174       9         96.76          9.00     527532.81      1.06075      1.82152     0.2600     0.1320     0.1320
    174       174      12         96.76          9.00     581959.16      0.84356      1.59595     0.3880     0.1260     0.1260
    174       174      15         96.77          9.00     629605.09      0.74601      1.32156     0.4410     0.2030     0.2030
    175       175       3         96.82         71.00     219550.81      0.56247      2.76324     0.4590     0.0710     0.0710
    175       175       6         96.82         71.00     461664.78      0.77206      2.01631     0.3850     0.1130     0.1130
    175       175       9         96.82         71.00     638840.22      0.12855      1.08089     0.8890     0.2660     0.2660
    175       175      12         96.82         71.00     659339.51      0.20401      1.04538     0.8490     0.2610     0.2610
    175       175      15         96.82         71.00     679573.78      0.41549      0.96583     0.6630     0.2740     0.2740
    176       176       3         96.87         36.00     927241.84      1.40426     -0.27465     0.0870     0.6880     0.0870
    176       176       6         96.87         36.00     721743.14      1.74411      0.80440     0.0550     0.4000     0.0550
    176       176       9         96.87         36.00     752124.60      1.48582      0.73863     0.1160     0.3450     0.1160
    176       176      12         96.87         36.00     928301.17      0.75086     -0.46180     0.4300     0.6760     0.4300
    176       176      15         96.87         36.00     885219.77      1.46096     -0.16046     0.1210     0.5970     0.1210
    177       177       3         96.92         43.00     910741.17      0.25437     -0.01416     0.7440     0.6250     0.6250
    177       177       6         96.92         43.00     772425.45      0.43477      0.69835     0.6290     0.4080     0.4080
    177       177       9         96.92         43.00     826384.58      0.31337      0.47551     0.7520     0.4310     0.4310
    177       177      12         96.92         43.00     853770.91      0.22217      0.34008     0.8060     0.4720     0.4720
    177       177      15         96.92         43.00     814618.90      0.32850      0.67205     0.7250     0.3460     0.3460
    178       178       3         96.87         58.00    1034929.93      0.62893     -0.75102     0.4350     0.7640     0.4350
    178       178       6         96.87         58.00     964310.50      0.25217     -0.55619     0.7560     0.7080     0.7080
    178       178       9         96.87         58.00     881358.76      0.91103     -0.10591     0.3090     0.6070     0.3090
    178       178      12         96.87         58.00     885409.96      1.11956     -0.14814     0.2480     0.6080     0.2480
    178       178      15         96.87         58.00     976653.09      2.48262     -0.89159     0.0100     0.7910     0.0100
    179       179       3         96.90        173.00     292306.98      0.73659      2.57169     0.3080     0.1120     0.1120
    179       179       6         96.90        173.00     520978.77      0.39307      2.01569     0.6590     0.1130     0.1130
    179       179       9         96.90        173.00     495677.07      1.02464      2.50891     0.2630     0.0340     0.0340
    179       179      12         96.91        173.00     602264.52      0.94532      2.05087     0.2950     0.0720     0.0720
    179       179      15         96.91        173.00     648200.68      0.72623      1.88589     0.4540     0.0780     0.0780
    180       180       3         96.85          3.00    1718099.90      0.38875     -4.02495     0.6120     0.9880     0.6120
    180       180       6         96.85          3.00    1179404.55      0.43257     -1.86543     0.6450     0.9080     0.6450
    180       180       9         96.85          3.00     956850.81      0.11779     -0.69637     0.8960     0.7480     0.7480
    180       180      12         96.85          3.00     944924.40      0.10064     -0.69071     0.9240     0.7190     0.7190
    180       180      15         96.85          3.00     873097.17      0.57493     -0.17198     0.5560     0.5960     0.5560
    181       181       3         96.86        143.00     702154.66      0.24389      0.67278     0.7520     0.5050     0.5050
    181       181       6         96.86        143.00     954724.26      0.11572     -0.58560     0.8860     0.7350     0.7350
    181       181       9         96.86        143.00    1076707.74      0.63136     -1.49179     0.5310     0.8600     0.5310
    181       181      12         96.86        143.00     983615.88      1.24763     -0.97805     0.2120     0.8070     0.2120
    181       181      15         96.86        143.00    1035473.60      1.97753     -1.49054     0.0390     0.8830     0.0390
    182       182       3         96.91        149.00     616831.57      0.47406      1.21070     0.5240     0.3760     0.3760
    182       182       6         96.91        149.00     666312.93      0.36360      1.26906     0.6800     0.2480     0.2480
    182       182       9         96.91        149.00     742249.83      0.37498      1.00270     0.6940     0.2900     0.2900
    182       182      12         96.91        149.00     669120.59      0.80348      1.63487     0.4010     0.1190     0.1190
    182       182      15         96.91        149.00     625916.45      1.23589      2.11888     0.1800     0.0570     0.0570
    183       183       3         96.91         90.00    1190836.81      0.27076     -1.22397     0.7340     0.8270     0.7340
    183       183       6         96.91         90.00     976821.45      0.73011     -0.40096     0.4180     0.6710     0.4180
    183       183       9         96.91         90.00     918890.22      0.76040     -0.10414     0.4220     0.5840     0.4220
    183       183      12         96.91         90.00     834785.60      0.87039      0.47321     0.3890     0.4230     0.3890
    183       183      15         96.91         90.00     764002.47      0.93522      0.98690     0.3670     0.2490     0.2490
    184       184       3         96.81         33.00     588466.14      0.28504      0.97574     0.6910     0.4110     0.4110
    184       184       6         96.81         33.00     508263.95      0.86566      1.73001     0.3720     0.1500     0.1500
    184       184       9         96.81         33.00     765454.91      1.82758      0.17459     0.0520     0.5020     0.0520
    184       184      12         96.81         33.00     789781.24      1.94994      0.00052     0.0330     0.5310     0.0330
    184       184      15         96.81         33.00     748117.30      2.70724      0.36548     0.0060     0.4660     0.0060
    185       185       3         96.86         78.00      23332.46      0.80745      3.72221     0.3020     0.0010     0.0010
    185       185       6         96.85         78.00     298453.89      1.42419      3.15266     0.1100     0.0180     0.0180
    185       185       9         96.85         78.00     965314.13      0.51787     -0.75254     0.5970     0.7460     0.5970
    185       185      12         96.86         78.00     897197.39      0.06363     -0.33626     0.9500     0.6610     0.6610
    185       185      15         96.86         78.00     830153.00      0.19245      0.17675     0.8440     0.4850     0.4850
    186       186       3         96.89         30.00     436567.93      0.77812      1.92513     0.3290     0.2130     0.2130
    186       186       6         96.90         30.00     772465.85      0.70539      0.64619     0.4430     0.4300     0.4300
    186       186       9         96.90         30.00     727408.50      1.13192      1.03871     0.2360     0.2780     0.2360
    186       186      12         96.90         30.00     992383.32      0.03500     -0.71888     0.9670     0.7360     0.7360
    186       186      15         96.90         30.00     956027.05      0.06890     -0.50381     0.9490     0.6890     0.6890
    187       187       3         96.88        210.00    1196161.83      1.72495     -1.38401     0.0200     0.8440     0.0200
    187       187       6         96.88        210.00    1026842.16      1.76224     -0.90693     0.0550     0.7970     0.0550
    187       187       9         96.88        210.00     910700.59      1.61826     -0.29765     0.0710     0.6430     0.0710
    187       187      12         96.88        210.00     893287.82      1.86159     -0.20575     0.0530     0.6000     0.0530
    187       187      15         96.88        210.00     918624.24      1.17446     -0.42757     0.2210     0.6770     0.2210
    188       188       3         96.89         84.00     996324.62      0.27105     -0.45177     0.7240     0.7260     0.7240
    188       188       6         96.89         84.00    1239379.10      1.93746     -1.89643     0.0250     0.9180     0.0250
    188       188       9         96.89         84.00    1122104.06      2.53465     -1.46540     0.0100     0.8670     0.0100
    188       188      12         96.89         84.00    1041087.82      2.28622     -1.17118     0.0130     0.8400     0.0130
    188       188      15         96.89         84.00     972661.57      2.05557     -0.74175     0.0270     0.7650     0.0270
    189       189       3         96.87          7.00    1010928.96      0.62334     -0.64485     0.4280     0.7790     0.4280
    189       189       6         96.87          7.00     994016.68      0.64949     -0.72281     0.4890     0.7460     0.4890
    189       189       9         96.87          7.00    1265417.86      0.57736     -2.61570     0.5350     0.9740     0.5350
    189       189      12         96.87          7.00    1100079.97      0.71490     -1.71801     0.4840     0.9120     0.4840
    189       189      15         96.87          7.00     993732.48      0.46600     -1.02816     0.6390     0.8110     0.6390
    190       190       3         96.87         15.00    1080877.68      0.96592     -0.95427     0.2160     0.7940     0.2160
    190       190       6         96.87         15.00     883188.63      0.64116     -0.10117     0.4990     0.6150     0.4990
    190       190       9         96.87         15.00     818620.00      1.05317      0.30408     0.2690     0.4730     0.2690
    190       190      12         96.87         15.00     905432.02      1.79015     -0.29456     0.0580     0.6490     0.0580
    190       190      15         96.87         15.00    1138574.72      0.37637     -2.18635     0.6750     0.9570     0.6750
    191       191       3         96.83         65.00     260904.00      1.24979      2.60100     0.1090     0.1050     0.1050
    191       191       6         96.83         65.00     381530.53      1.46972      2.57934     0.0930     0.0410     0.0410
    191       191       9         96.83         65.00     747461.68      1.29123      0.46474     0.1820     0.4390     0.1820
    191       191      12         96.83         65.00     656683.94      1.31955      1.22528     0.1510     0.1970     0.1510
    191       191      15         96.83         65.00     638454.34      1.71090      1.49462     0.0780     0.1560     0.0780
    192       192       3         96.85         20.00     249141.30      0.32633      2.68841     0.6650     0.0780     0.0780
    192       192       6         96.85         20.00     700321.83      0.24246      0.79434     0.7870     0.3510     0.3510
    192       192       9         96.85         20.00     749085.23      0.08839      0.59623     0.9310     0.4000     0.4000
    192       192      12         96.85         20.00     752165.30      0.92704      0.64394     0.3380     0.3490     0.3380
    192       192      15         96.85         20.00     718087.00      1.22899      0.98564     0.2010     0.2610     0.2010
    193       193       3         96.85          3.00    1803628.28      0.16629     -4.41583     0.8190     0.9880     0.8190
    193       193       6         96.85          3.00    1171560.75      0.49785     -1.93650     0.5780     0.9270     0.5780
    193       193       9         96.85          3.00     968087.02      0.52579     -0.88237     0.5970     0.7940     0.5970
    193       193      12         96.85          3.00     872360.09      0.00920     -0.26417     0.9910     0.6450     0.6450
    193       193      15         96.85          3.00     888172.98      0.44772     -0.29440     0.6270     0.6230     0.6230
    194       194       3         96.85        121.00     766628.89      0.82840      0.32341     0.2780     0.5530     0.2780
    194       194       6         96.85        121.00     899681.78      0.23105     -0.36095     0.7960     0.6450     0.6450
    194       194       9         96.85        121.00     809716.46      0.83287      0.18687     0.3610     0.5120     0.3610
    194       194      12         96.85        121.00     791477.64      1.16926      0.34692     0.2270     0.4810     0.2270
    194       194      15         96.85        121.00     711165.53      1.28098      1.04282     0.1790     0.2300     0.1790
    195       195       3         96.87         82.00     424531.32      0.73162      1.94910     0.2870     0.2340     0.2340
    195       195       6         96.87         82.00     688663.26      1.79481      0.98995     0.0530     0.3170     0.0530
    195       195       9         96.87         82.00     611550.19      1.87844      1.65727     0.0450     0.1500     0.0450
    195       195      12         96.87         82.00    1024100.48      2.16401     -1.16238     0.0320     0.8280     0.0320
    195       195      15         96.87         82.00    1155959.84      1.32345     -2.32537     0.1680     0.9620     0.1680
    196       196       3         96.92        143.00     136205.79      1.06446      3.24930     0.1450     0.0190     0.0190
    196       196       6         96.92        143.00     442453.85      1.18269      2.47305     0.1910     0.0570     0.0570
    196       196       9         96.92        143.00     670298.82      1.00405      1.45355     0.2960     0.1910     0.1910
    196       196      12         96.92        143.00     768879.18      0.43536      0.93535     0.6480     0.3210     0.3210
    196       196      15         96.91        143.00     701079.32      0.61360      1.54259     0.5290     0.1550     0.1550
    197       197       3         96.91         58.00    1200668.99      0.26230     -1.26567     0.7600     0.8430     0.7600
    197       197       6         96.91         58.00    1105961.97      0.28178     -1.09552     0.7580     0.7970     0.7580
    197       197       9         96.91         58.00     944883.73      0.38312     -0.26702     0.6800     0.6400     0.6400
    197       197      12         96.91         58.00     866007.27      0.57225      0.17836     0.5620     0.5230     0.5230
    197       197      15         96.91         58.00     786318.58      0.69655      0.81366     0.4630     0.3090     0.3090
    198       198       3         96.88         13.00     938330.77      0.87628     -0.26078     0.2620     0.7030     0.2620
    198       198       6         96.88         13.00     973956.82      0.66836     -0.52747     0.4770     0.7010     0.4770
    198       198       9         96.88         13.00     817518.21      0.85754      0.39228     0.3710     0.4380     0.3710
    198       198      12         96.88         13.00     760641.66      0.65145      0.84861     0.5170     0.3450     0.3450
    198       198      15         96.88         13.00     726071.33      0.41099      1.20015     0.6630     0.1840     0.1840
    199       199       3         96.92          4.00     145080.78      0.91510      3.21166     0.2200     0.0240     0.0240
    199       199       6         96.91          4.00     745873.45      0.76758      0.84116     0.4090     0.3690     0.3690
    199       199       9         96.91          4.00     601279.74      1.08088      1.88603     0.2710     0.1050     0.1050
    199       199      12         96.91          4.00     658866.08      0.74995      1.70677     0.4330     0.1110     0.1110
    199       199      15         96.91          4.00     614285.49      1.01120      2.20806     0.3380     0.0390     0.0390
    200       200       3         96.91          3.00     390868.01      0.37141      2.14841     0.6480     0.1900     0.1900
    200       200       6         96.91          3.00     666312.93      0.36360      1.26906     0.6840     0.2450     0.2450
    200       200       9         96.91          3.00     577438.42      0.86430      1.99018     0.3610     0.0900     0.0900
    200       200      12         96.91          3.00     676780.87      0.80161      1.52182     0.3950     0.1420     0.1420
    200       200      15         96.91          3.00     667384.32      0.90066      1.73696     0.3410     0.0930     0.0930
    201       201       3         96.90        144.00     306247.88      0.30850      2.51182     0.7060     0.1190     0.1190
    201       201       6         96.91        144.00     398751.93      0.84163      2.68129     0.3590     0.0360     0.0360
    201       201       9         96.91        144.00     327207.95      1.13244      3.60338     0.2490     0.0030     0.0030
    201       201      12         96.91        144.00     530145.22      0.73086      2.60937     0.4540     0.0220     0.0220
    201       201      15         96.91        144.00     611069.28      0.82697      2.23272     0.4170     0.0510     0.0510
    202       202       3         96.91        153.00     344831.22      0.79001      2.36441     0.3100     0.1180     0.1180
    202       202       6         96.91        153.00     721692.05      0.33625      0.97121     0.7140     0.3500     0.3500
    202       202       9         96.91        153.00     716246.41      0.27791      1.16564     0.7750     0.2420     0.2420
    202       202      12         96.91        153.00     677183.61      0.91223      1.57833     0.3410     0.1310     0.1310
    202       202      15         96.91        153.00     626731.61      1.19191      2.11263     0.2290     0.0560     0.0560
    203       203       3         96.84         42.00     578702.26      1.32684      1.18227     0.0760     0.3810     0.0760
    203       203       6         96.85         42.00     799614.62      0.97505      0.21894     0.2990     0.5140     0.2990
    203       203       9         96.84         42.00     646467.41      1.38030      1.28905     0.1270     0.2270     0.1270
    203       203      12         96.85         42.00     725428.74      0.78262      0.84594     0.4290     0.3180     0.3180
    203       203      15         96.84         42.00     696747.59      1.17355      1.16193     0.2490     0.1940     0.1940
    204       204       3         96.90         17.00     383425.89      0.73274      2.18037     0.3210     0.1580     0.1580
    204       204       6         96.90         17.00     568499.86      0.86366      1.75691     0.3130     0.1550     0.1550
    204       204       9         96.90         17.00     770754.29      0.10420      0.76371     0.9000     0.3430     0.3430
    204       204      12         96.91         17.00     698226.59      0.32718      1.36956     0.7270     0.1820     0.1820
    204       204      15         96.91         17.00     727737.90      0.41871      1.26843     0.6420     0.1940     0.1940
    205       205       3         96.91          2.00     390868.01      0.37141      2.14841     0.6280     0.1760     0.1760
    205       205       6         96.91          2.00     368299.24      1.00157      2.84712     0.2840     0.0220     0.0220
    205       205       9         96.91          2.00     744263.45      0.38592      0.93178     0.6620     0.3190     0.3190
    205       205      12         96.91          2.00     681577.76      0.85874      1.48776     0.3860     0.1700     0.1700
    205       205      15         96.91          2.00     625916.45      1.23589      2.11888     0.2070     0.0470     0.0470
    206       206       3         96.92         11.00     145080.78      0.91510      3.21166     0.2050     0.0210     0.0210
    206       206       6         96.91         11.00     745873.45      0.76758      0.84116     0.4090     0.3630     0.3630
    206       206       9         96.91         11.00     600143.86      1.20827      1.89315     0.1820     0.0900     0.0900
    206       206      12         96.91         11.00     658866.08      0.74995      1.70677     0.4340     0.1040     0.1040
    206       206      15         96.91         11.00     623454.91      1.25747      2.13776     0.1900     0.0600     0.0600
    207       207       3         96.91          7.00     141967.33      0.00496      3.21734     0.9970     0.0330     0.0330
    207       207       6         96.91          7.00     305506.17      0.66928      3.18906     0.4690     0.0070     0.0070
    207       207       9         96.91          7.00     357493.02      1.25113      3.38560     0.1910     0.0050     0.0050
    207       207      12         96.91          7.00     554446.63      0.83669      2.43897     0.3650     0.0420     0.0420
    207       207      15         96.91          7.00     514562.18      1.18721      2.92334     0.2250     0.0110     0.0110
    208       208       3         96.91          6.00     141967.33      0.00496      3.21734     0.9970     0.0310     0.0310
    208       208       6         96.91          6.00     308242.27      0.66850      3.19489     0.4370     0.0170     0.0170
    208       208       9         96.91          6.00     598082.54      0.66085      1.90606     0.5230     0.1050     0.1050
    208       208      12         96.91          6.00     552787.77      0.83125      2.45060     0.4080     0.0420     0.0420
    208       208      15         96.91          6.00     519824.61      1.26117      2.93232     0.1970     0.0100     0.0100
    209       209       3         96.91        146.00     344831.22      0.79001      2.36441     0.3230     0.1260     0.1260
    209       209       6         96.91        146.00     721692.05      0.33625      0.97121     0.7230     0.3120     0.3120
    209       209       9         96.91        146.00     716246.41      0.27791      1.16564     0.7580     0.2420     0.2420
    209       209      12         96.91        146.00     677183.61      0.91223      1.57833     0.3480     0.1530     0.1530
    209       209      15         96.91        146.00     606685.27      1.09143      2.26634     0.2370     0.0370     0.0370
    210       210       3         96.91         86.00    1037201.38      0.08087     -0.57232     0.9120     0.7460     0.7460
    210       210       6         96.91         86.00     751045.16      0.91084      0.81334     0.3000     0.4060     0.3000
    210       210       9         96.91         86.00     750076.09      0.67654      0.95366     0.4570     0.2980     0.2980
    210       210      12         96.91         86.00     682336.42      0.95127      1.54220     0.3020     0.1500     0.1500
    210       210      15         96.91         86.00     630493.45      0.92708      2.08379     0.3090     0.0530     0.0530
    211       211       3         96.82         87.00     498550.15      0.97103      1.41141     0.1940     0.3450     0.1940
    211       211       6         96.81         87.00     661405.58      0.87354      0.78912     0.3170     0.3460     0.3170
    211       211       9         96.81         87.00     714953.89      0.85412      0.53607     0.3550     0.4300     0.3550
    211       211      12         96.81         87.00     760637.84      0.63108      0.23396     0.5270     0.4990     0.4990
    211       211      15         96.82         87.00     824362.58      1.13337     -0.30232     0.2340     0.6480     0.2340
    212       212       3         96.82        106.00    1177040.60      0.19382     -1.70407     0.7920     0.8860     0.7920
    212       212       6         96.82        106.00     879127.64      0.44702     -0.38565     0.6070     0.6830     0.6070
    212       212       9         96.82        106.00     782915.49      0.23086      0.04961     0.8000     0.5680     0.5680
    212       212      12         96.82        106.00     684027.22      0.21412      1.01287     0.8170     0.2610     0.2610
    212       212      15         96.82        106.00     755770.53      0.17577      0.29845     0.8650     0.4350     0.4350
    213       213       3         96.80         10.00     468391.17      0.78850      1.54242     0.3040     0.3000     0.3000
    213       213       6         96.80         10.00     900341.24      2.06538     -0.71573     0.0310     0.7620     0.0310
    213       213       9         96.80         10.00     791963.81      2.78198     -0.05293     0.0080     0.5650     0.0080
    213       213      12         96.80         10.00     747770.58      3.83724      0.29712     0.0000     0.4670     0.0000
    213       213      15         96.80         10.00     669047.35      4.14870      1.01898     0.0000     0.2580     0.0000
    214       214       3         96.82         90.00     498550.15      0.97103      1.41141     0.2000     0.3100     0.2000
    214       214       6         96.82         90.00     702808.57      0.96682      0.53475     0.2930     0.4260     0.2930
    214       214       9         96.82         90.00     808283.56      0.06192     -0.13198     0.9450     0.6230     0.6230
    214       214      12         96.82         90.00     767696.06      0.57266      0.17742     0.5360     0.4980     0.4980
    214       214      15         96.82         90.00     824362.58      1.13337     -0.30232     0.2210     0.6410     0.2210
    215       215       3         96.81         29.00     712157.50      0.42015      0.35343     0.5800     0.5490     0.5490
    215       215       6         96.81         29.00     854009.43      1.80233     -0.42918     0.0470     0.6820     0.0470
    215       215       9         96.80         29.00     789038.64      2.67410     -0.03186     0.0050     0.5970     0.0050
    215       215      12         96.80         29.00     706956.57      3.08404      0.62622     0.0010     0.3840     0.0010
    215       215      15         96.80         29.00     696172.73      4.06162      0.77982     0.0000     0.3140     0.0000
    216       216       3         96.79         13.00     175405.41      1.39926      2.97147     0.0620     0.0540     0.0540
    216       216       6         96.79         13.00     277915.63      2.63812      3.13386     0.0030     0.0080     0.0030
    216       216       9         96.79         13.00     277512.19      3.69526      3.65403     0.0000     0.0040     0.0000
    216       216      12         96.79         13.00     423926.07      4.24393      2.90845     0.0000     0.0060     0.0000
    216       216      15         96.79         13.00     700324.66      4.38586      0.74321     0.0000     0.3010     0.0000
    217       217       3         96.80         15.00     363738.82      1.77570      2.05286     0.0300     0.1980     0.0300
    217       217       6         96.80         15.00    1007273.61      1.77999     -1.37709     0.0590     0.8590     0.0590
    217       217       9         96.79         15.00     910343.16      2.65947     -0.90594     0.0060     0.7940     0.0060
    217       217      12         96.79         15.00     877231.28      3.86726     -0.74679     0.0000     0.7720     0.0000
    217       217      15         96.79         15.00     807793.38      4.00080     -0.20434     0.0000     0.6090     0.0000
    218       218       3         96.79         74.00     354849.09      1.61144      2.09622     0.0270     0.1620     0.0270
    218       218       6         96.79         74.00     289982.10      2.99415      3.06151     0.0000     0.0110     0.0000
    218       218       9         96.79         74.00     840883.97      2.36486     -0.40544     0.0140     0.6600     0.0140
    218       218      12         96.80         74.00     825283.21      2.72954     -0.32791     0.0030     0.6590     0.0030
    218       218      15         96.79         74.00     789401.28      3.49811     -0.04218     0.0000     0.5870     0.0000
    219       219       3         96.80         65.00    1239089.80      0.67135     -2.21672     0.3870     0.9270     0.3870
    219       219       6         96.80         65.00    1042890.83      1.75184     -1.59738     0.0700     0.8830     0.0700
    219       219       9         96.80         65.00     937995.32      2.02889     -1.10519     0.0330     0.8260     0.0330
    219       219      12         96.80         65.00     825373.10      2.77355     -0.32863     0.0020     0.6580     0.0020
    219       219      15         96.80         65.00     834553.10      2.80537     -0.44028     0.0020     0.6890     0.0020
    220       220       3         96.76        196.00    1139869.36      1.49559     -1.83468     0.0530     0.8840     0.0530
    220       220       6         96.75        196.00    1005001.57      2.30390     -1.47698     0.0100     0.8560     0.0100
    220       220       9         96.76        196.00    1089843.95      2.21188     -2.34331     0.0190     0.9510     0.0190
    220       220      12         96.77        196.00     941027.80      2.79001     -1.32299     0.0010     0.8720     0.0010
    220       220      15         96.77        196.00     913461.33      2.90232     -1.20157     0.0010     0.8560     0.0010
    221       221       3         96.78         19.00     419363.74      1.86777      1.78414     0.0090     0.2350     0.0090
    221       221       6         96.77         19.00    1201641.62      1.52407     -2.63972     0.0930     0.9680     0.0930
    221       221       9         96.78         19.00    1043095.89      2.84691     -1.85298     0.0040     0.9290     0.0040
    221       221      12         96.78         19.00     896077.16      3.24360     -0.88960     0.0000     0.7710     0.0000
    221       221      15         96.78         19.00     853365.24      4.35777     -0.59661     0.0000     0.7280     0.0000
    222       222       3         96.79          2.00     629005.81      1.77787      0.76290     0.0200     0.4630     0.0200
    222       222       6         96.79          2.00    1075621.32      1.87333     -1.79137     0.0370     0.9170     0.0370
    222       222       9         96.79          2.00     941422.53      3.19128     -1.12128     0.0020     0.8270     0.0020
    222       222      12         96.79          2.00     837033.40      3.56119     -0.41410     0.0000     0.6460     0.0000
    222       222      15         96.79          2.00     746492.86      4.05713      0.34449     0.0000     0.4690     0.0000
    223       223       3         96.80         11.00     705218.39      2.32704      0.38728     0.0030     0.5700     0.0030
    223       223       6         96.80         11.00     742011.56      2.52033      0.26351     0.0050     0.5060     0.0050
    223       223       9         96.80         11.00     610931.90      3.51424      1.25152     0.0000     0.2350     0.0000
    223       223      12         96.80         11.00     566368.83      4.39987      1.75986     0.0000     0.1160     0.0000
    223       223      15         96.80         11.00     716517.30      4.10930      0.60044     0.0000     0.3490     0.0000
    224       224       3         96.73         89.00    1073310.25      1.23477     -1.60126     0.1190     0.8430     0.1190
    224       224       6         96.75         89.00     941537.05      2.11075     -1.07727     0.0160     0.8120     0.0160
    224       224       9         96.76         89.00    1101910.69      2.19850     -2.43185     0.0240     0.9600     0.0240
    224       224      12         96.76         89.00    1006964.26      2.44005     -1.94174     0.0100     0.9440     0.0100
    224       224      15         96.77         89.00     907015.94      2.99040     -1.14428     0.0010     0.8300     0.0010
    225       225       3         96.80         16.00     918923.87      2.10232     -0.65509     0.0090     0.7380     0.0090
    225       225       6         96.80         16.00     804443.60      2.36094     -0.12262     0.0090     0.6030     0.0090
    225       225       9         96.80         16.00     764284.04      2.51059      0.14652     0.0060     0.5350     0.0060
    225       225      12         96.80         16.00     738133.64      3.62486      0.37483     0.0000     0.4350     0.0000
    225       225      15         96.80         16.00     666299.26      4.24287      1.04321     0.0000     0.2440     0.0000
    226       226       3         96.76        228.00     687589.68      0.36487      0.41178     0.6220     0.5300     0.5300
    226       226       6         96.76        228.00     629511.25      0.58166      0.88794     0.5140     0.3610     0.3610
    226       226       9         96.76        228.00     527532.81      1.06075      1.82152     0.2320     0.1290     0.1290
    226       226      12         96.76        228.00     594627.85      1.06127      1.44410     0.2260     0.1480     0.1480
    226       226      15         96.77        228.00     629605.09      0.74601      1.32156     0.4260     0.1710     0.1710
    227       227       3         96.79        213.00    1239250.34      0.05400     -2.20984     0.9410     0.9060     0.9060
    227       227       6         96.79        213.00    1100704.15      1.97414     -1.94631     0.0320     0.9120     0.0320
    227       227       9         96.79        213.00     903533.96      2.46420     -0.84862     0.0090     0.7730     0.0090
    227       227      12         96.79        213.00     843319.25      3.47920     -0.46472     0.0000     0.7020     0.0000
    227       227      15         96.79        213.00     815288.14      4.32450     -0.26131     0.0000     0.6210     0.0000
    228       228       3         96.79         25.00     175405.41      1.39926      2.97147     0.0790     0.0520     0.0520
    228       228       6         96.79         25.00     312442.65      2.99868      2.92032     0.0010     0.0250     0.0010
    228       228       9         96.79         25.00     591670.36      4.11232      1.39031     0.0000     0.2000     0.0000
    228       228      12         96.80         25.00     572437.41      4.31184      1.71092     0.0000     0.1220     0.0000
    228       228      15         96.79         25.00     528612.38      4.72712      2.25719     0.0000     0.0290     0.0000
    229       229       3         96.78          3.00     145282.81      1.78524      3.11930     0.0260     0.0380     0.0260
    229       229       6         96.78          3.00     589785.39      2.75393      1.20963     0.0010     0.2780     0.0010
    229       229       9         96.79          3.00     495459.62      3.21558      2.08810     0.0010     0.0770     0.0010
    229       229      12         96.79          3.00     578672.40      3.51336      1.66656     0.0000     0.1280     0.0000
    229       229      15         96.79          3.00     638950.90      3.43010      1.29148     0.0000     0.1770     0.0000
    230       230       3         96.80          4.00     342744.31      1.66905      2.15527     0.0300     0.1570     0.0300
    230       230       6         96.80          4.00     717625.72      3.24213      0.41433     0.0000     0.4780     0.0000
    230       230       9         96.80          4.00     571907.34      4.03291      1.53272     0.0000     0.1800     0.0000
    230       230      12         96.80          4.00     575082.90      4.40474      1.68959     0.0000     0.1170     0.0000
    230       230      15         96.80          4.00     832928.76      4.08160     -0.42596     0.0000     0.6900     0.0000
    231       231       3         96.81         89.00     822166.06      0.63648     -0.15660     0.4180     0.6720     0.4180
    231       231       6         96.81         89.00     927263.61      1.24706     -0.84428     0.1580     0.7760     0.1580
    231       231       9         96.81         89.00     810353.07      1.97355     -0.18544     0.0330     0.6110     0.0330
    231       231      12         96.81         89.00     845370.06      1.28811     -0.44476     0.1940     0.6930     0.1940
    231       231      15         96.81         89.00     781607.29      1.72547      0.07216     0.0770     0.5080     0.0770
    232       232       3         96.79          7.00     270928.17      1.35230      2.50723     0.0840     0.1250     0.0840
    232       232       6         96.79          7.00     497561.53      3.43679      1.77929     0.0000     0.1450     0.0000
    232       232       9         96.79          7.00     540610.98      3.70739      1.76317     0.0000     0.1310     0.0000
    232       232      12         96.79          7.00     830572.12      3.36646     -0.36206     0.0010     0.6680     0.0010
    232       232      15         96.79          7.00     808226.73      4.37052     -0.19913     0.0000     0.5950     0.0000
    233       233       3         96.80         55.00     928524.80      0.23574     -0.70192     0.7520     0.7730     0.7520
    233       233       6         96.80         55.00    1042890.83      1.75184     -1.59738     0.0550     0.8930     0.0550
    233       233       9         96.80         55.00     837715.81      2.51505     -0.38261     0.0070     0.6840     0.0070
    233       233      12         96.80         55.00     842609.43      2.85852     -0.46762     0.0050     0.6790     0.0050
    233       233      15         96.80         55.00     834021.19      3.89203     -0.43559     0.0000     0.6580     0.0000
    234       234       3         96.79          9.00     238193.63      1.27910      2.66669     0.0840     0.0710     0.0710
    234       234       6         96.79          9.00     440198.43      3.03647      2.13363     0.0010     0.0970     0.0010
    234       234       9         96.79          9.00     540610.98      3.70739      1.76317     0.0000     0.1190     0.0000
    234       234      12         96.79          9.00     477505.84      4.27419      2.48129     0.0000     0.0260     0.0000
    234       234      15         96.79          9.00     512217.76      5.26730      2.40747     0.0000     0.0320     0.0000
    235       235       3         96.79         22.00     148645.76      1.74405      3.10291     0.0280     0.0370     0.0280
    235       235       6         96.79         22.00     219325.75      2.60593      3.49795     0.0040     0.0060     0.0040
    235       235       9         96.79         22.00     693464.55      2.71338      0.66315     0.0030     0.3630     0.0030
    235       235      12         96.79         22.00     643083.33      2.99856      1.14784     0.0040     0.2280     0.0040
    235       235      15         96.79         22.00     605898.86      3.63886      1.58253     0.0000     0.1460     0.0000
    236       236       3         96.94         62.00     514980.35      0.94294      1.65502     0.2090     0.2760     0.2090
    236       236       6         96.94         62.00     657763.16      0.71508      1.33498     0.4190     0.2530     0.2530
    236       236       9         96.93         62.00     648262.18      0.80164      1.61453     0.3950     0.1510     0.1510
    236       236      12         96.93         62.00     631413.23      0.65291      1.92423     0.4840     0.0970     0.0970
    236       236      15         96.93         62.00     641986.11      0.79060      2.02342     0.4060     0.0760     0.0760
    237       237       3         96.79         27.00     374122.86      1.76873      2.00453     0.0230     0.2170     0.0230
    237       237       6         96.79         27.00    1036580.46      1.78933     -1.55022     0.0500     0.8730     0.0500
    237       237       9         96.79         27.00     854132.72      2.78746     -0.50090     0.0020     0.6720     0.0020
    237       237      12         96.79         27.00     739085.93      3.33142      0.36715     0.0010     0.4670     0.0010
    237       237      15         96.79         27.00     764760.84      4.14752      0.18363     0.0000     0.5410     0.0000
    238       238       3         96.79         19.00     148645.76      1.74405      3.10291     0.0270     0.0270     0.0270
    238       238       6         96.79         19.00     185213.46      2.72194      3.70866     0.0080     0.0030     0.0030
    238       238       9         96.79         19.00     218537.50      3.14806      4.08098     0.0010     0.0000     0.0000
    238       238      12         96.79         19.00     354128.12      4.09658      3.47489     0.0000     0.0040     0.0000
    238       238      15         96.79         19.00     393195.12      5.06604      3.45556     0.0000     0.0040     0.0000
    239       239       3         96.80        205.00    1087602.70      1.35181     -1.47783     0.0710     0.8720     0.0710
    239       239       6         96.80        205.00     752624.53      2.95881      0.19787     0.0020     0.5610     0.0020
    239       239       9         96.80        205.00     662626.10      3.81157      0.87903     0.0000     0.3000     0.0000
    239       239      12         96.80        205.00     621940.15      4.12194      1.31176     0.0000     0.1820     0.0000
    239       239      15         96.80        205.00     558951.61      4.76078      1.98969     0.0000     0.0750     0.0000
    240       240       3         96.79          1.00     363464.09      2.33736      2.05420     0.0030     0.1880     0.0030
    240       240       6         96.79          1.00     575770.85      2.71783      1.29168     0.0010     0.2600     0.0010
    240       240       9         96.79          1.00     593540.47      4.09074      1.37684     0.0000     0.2000     0.0000
    240       240      12         96.79          1.00     539456.13      4.47803      1.97687     0.0000     0.0770     0.0000
    240       240      15         96.79          1.00     528179.68      4.86994      2.26101     0.0000     0.0390     0.0000
    241       241       3         96.79          6.00     289310.08      1.83432      2.41590     0.0130     0.1440     0.0130
    241       241       6         96.79          6.00     575770.85      2.71783      1.29168     0.0000     0.2710     0.0000
    241       241       9         96.79          6.00     593540.47      4.09074      1.37684     0.0000     0.2130     0.0000
    241       241      12         96.79          6.00     539456.13      4.47803      1.97687     0.0000     0.0740     0.0000
    241       241      15         96.79          6.00     528179.68      4.86994      2.26101     0.0000     0.0410     0.0000
    242       242       3         96.86         73.00    2041865.13      1.77000     -5.34552     0.0270     1.0000     0.0270
    242       242       6         96.86         73.00    1722762.35      0.56477     -4.96052     0.5580     0.9990     0.5580
    242       242       9         96.86         73.00    1462774.91      0.44889     -4.05389     0.6430     0.9990     0.6430
    242       242      12         96.86         73.00    1291782.68      0.08010     -3.26666     0.9430     0.9930     0.9430
    242       242      15         96.86         73.00    1156266.49      0.07000     -2.47144     0.9360     0.9700     0.9360
    243       243       3         96.80         65.00     928524.80      0.23574     -0.70192     0.7500     0.7560     0.7500
    243       243       6         96.80         65.00     980634.71      2.28445     -1.21233     0.0130     0.8320     0.0130
    243       243       9         96.80         65.00     837715.81      2.51505     -0.38261     0.0060     0.6380     0.0060
    243       243      12         96.80         65.00     756514.12      3.48209      0.22661     0.0010     0.4740     0.0010
    243       243      15         96.80         65.00     834021.19      3.89203     -0.43559     0.0000     0.6690     0.0000
    244       244       3         96.80        126.00    1459037.35      0.47257     -3.28953     0.5270     0.9600     0.5270
    244       244       6         96.80        126.00    1042890.83      1.75184     -1.59738     0.0590     0.8900     0.0590
    244       244       9         96.80        126.00     925209.40      1.86747     -1.01306     0.0470     0.8130     0.0470
    244       244      12         96.80        126.00     878547.03      2.42048     -0.75740     0.0080     0.7270     0.0080
    244       244      15         96.80        126.00     790895.66      2.98553     -0.05535     0.0020     0.5610     0.0020
    245       245       3         96.80         13.00     363738.82      1.77570      2.05286     0.0220     0.2000     0.0220
    245       245       6         96.80         13.00     993263.36      1.61586     -1.29044     0.0830     0.8480     0.0830
    245       245       9         96.80         13.00     826574.05      1.86625     -0.30232     0.0380     0.6690     0.0380
    245       245      12         96.80         13.00     889018.02      3.34568     -0.84184     0.0020     0.7710     0.0020
    245       245      15         96.80         13.00     818177.34      3.82163     -0.29590     0.0000     0.6290     0.0000
    246       246       3         96.79          7.00     363464.09      2.33736      2.05420     0.0000     0.1810     0.0000
    246       246       6         96.79          7.00     697253.66      3.38100      0.54033     0.0000     0.4420     0.0000
    246       246       9         96.79          7.00     593540.47      4.09074      1.37684     0.0000     0.2130     0.0000
    246       246      12         96.79          7.00     539456.13      4.47803      1.97687     0.0000     0.0670     0.0000
    246       246      15         96.79          7.00     528179.68      4.86994      2.26101     0.0000     0.0480     0.0000
    247       247       3         96.79          6.00     363464.09      2.33736      2.05420     0.0040     0.1830     0.0040
    247       247       6         96.79          6.00     697253.66      3.38100      0.54033     0.0000     0.4450     0.0000
    247       247       9         96.79          6.00     593540.47      4.09074      1.37684     0.0000     0.1820     0.0000
    247       247      12         96.79          6.00     539456.13      4.47803      1.97687     0.0000     0.0830     0.0000
    247       247      15         96.79          6.00     528179.68      4.86994      2.26101     0.0000     0.0320     0.0000
    248       248       3         96.81         72.00     590972.21      0.24689      0.96360     0.7520     0.4160     0.4160
    248       248       6         96.81         72.00     539233.43      0.59933      1.53973     0.4850     0.1810     0.1810
    248       248       9         96.81         72.00     498896.75      0.41877      2.08260     0.6440     0.0740     0.0740
    248       248      12         96.81         72.00     562379.00      1.30323      1.82205     0.1910     0.0880     0.0880
    248       248      15         96.81         72.00     737236.93      2.24528      0.46078     0.0160     0.3830     0.0160
    249       249       3         96.78          1.00     419816.34      1.64295      1.76267     0.0320     0.2540     0.0320
    249       249       6         96.78          1.00     344211.93      3.18804      2.72653     0.0000     0.0310     0.0000
    249       249       9         96.78          1.00     621943.36      3.46630      1.17786     0.0010     0.2390     0.0010
    249       249      12         96.79          1.00     562536.49      3.67185      1.79651     0.0000     0.1130     0.0000
    249       249      15         96.79          1.00     503093.14      4.11143      2.48782     0.0000     0.0280     0.0000
    250       250       3         96.78          2.00     419816.34      1.64295      1.76267     0.0330     0.2510     0.0330
    250       250       6         96.78          2.00     344211.93      3.18804      2.72653     0.0000     0.0310     0.0000
    250       250       9         96.78          2.00     621943.36      3.46630      1.17786     0.0000     0.2520     0.0000
    250       250      12         96.79          2.00     596219.58      4.05748      1.52525     0.0000     0.1500     0.0000
    250       250      15         96.78          2.00     629278.34      4.06996      1.37666     0.0000     0.1640     0.0000
    251       251       3         96.78          2.00     329183.67      1.66444      2.22345     0.0220     0.1720     0.0220
    251       251       6         96.78          2.00     312511.64      3.06110      2.92234     0.0010     0.0150     0.0010
    251       251       9         96.79          2.00     322973.36      4.33902      3.32940     0.0000     0.0050     0.0000
    251       251      12         96.79          2.00     596219.58      4.05748      1.52525     0.0000     0.1360     0.0000
    251       251      15         96.79          2.00     541323.34      4.40682      2.15117     0.0000     0.0480     0.0000
    252       252       3         96.78          2.00     207235.89      2.16626      2.81750     0.0040     0.0620     0.0040
    252       252       6         96.78          2.00     312511.64      3.06110      2.92234     0.0000     0.0130     0.0000
    252       252       9         96.79          2.00     322973.36      4.33902      3.32940     0.0000     0.0060     0.0000
    252       252      12         96.79          2.00     596219.58      4.05748      1.52525     0.0000     0.1550     0.0000
    252       252      15         96.79          2.00     627946.11      3.97555      1.38839     0.0000     0.1640     0.0000
    253       253       3         96.78          2.00     183178.31      2.19857      2.93469     0.0030     0.0480     0.0030
    253       253       6         96.78          2.00     312511.64      3.06110      2.92234     0.0000     0.0270     0.0000
    253       253       9         96.79          2.00     322973.36      4.33902      3.32940     0.0000     0.0070     0.0000
    253       253      12         96.79          2.00     596219.58      4.05748      1.52525     0.0000     0.1300     0.0000
    253       253      15         96.79          2.00     542614.12      4.31120      2.13981     0.0000     0.0550     0.0000
    254       254       3         96.78          4.00     207235.89      2.16626      2.81750     0.0050     0.0660     0.0050
    254       254       6         96.78          4.00     312511.64      3.06110      2.92234     0.0010     0.0240     0.0010
    254       254       9         96.79          4.00     322973.36      4.33902      3.32940     0.0000     0.0080     0.0000
    254       254      12         96.79          4.00     596219.58      4.05748      1.52525     0.0000     0.1520     0.0000
    254       254      15         96.79          4.00     541323.34      4.40682      2.15117     0.0000     0.0460     0.0000
    255       255       3         96.80         22.00     631077.66      1.86552      0.74890     0.0110     0.4810     0.0110
    255       255       6         96.79         22.00     429732.55      3.41745      2.19490     0.0000     0.0870     0.0000
    255       255       9         96.79         22.00     400947.22      3.93251      2.76826     0.0000     0.0150     0.0000
    255       255      12         96.79         22.00     400891.00      4.44124      3.09829     0.0010     0.0040     0.0010
    255       255      15         96.79         22.00     372432.99      4.80655      3.63839     0.0000     0.0020     0.0000
    256       256       3         96.78          1.00     183178.31      2.19857      2.93469     0.0040     0.0550     0.0040
    256       256       6         96.78          1.00     312511.64      3.06110      2.92234     0.0000     0.0180     0.0000
    256       256       9         96.79          1.00     322973.36      4.33902      3.32940     0.0000     0.0050     0.0000
    256       256      12         96.79          1.00     596219.58      4.05748      1.52525     0.0000     0.1480     0.0000
    256       256      15         96.79          1.00     542614.12      4.31120      2.13981     0.0000     0.0590     0.0000
    257       257       3         96.64          2.00     161609.69      1.39588      3.00001     0.0720     0.0480     0.0480
    257       257       6         96.63          2.00     123469.18      2.38468      4.05154     0.0050     0.0000     0.0000
    257       257       9         96.64          2.00     199814.85      2.74175      4.14310     0.0050     0.0010     0.0010
    257       257      12         96.64          2.00     226287.94      2.88752      4.41240     0.0060     0.0000     0.0000
    257       257      15         96.64          2.00     213693.60      3.23742      4.94119     0.0020     0.0000     0.0000
    258       258       3         96.62          6.00     112299.87      1.25206      3.25234     0.0980     0.0210     0.0210
    258       258       6         96.63          6.00     128284.05      2.24312      4.02030     0.0150     0.0010     0.0010
    258       258       9         96.63          6.00     121156.33      2.88752      4.73775     0.0040     0.0000     0.0000
    258       258      12         96.64          6.00     204003.18      3.08712      4.60093     0.0010     0.0000     0.0000
    258       258      15         96.64          6.00     213693.60      3.23742      4.94119     0.0000     0.0000     0.0000
    259       259       3         96.64          1.00     148192.07      1.41733      3.06867     0.0770     0.0400     0.0400
    259       259       6         96.64          1.00     122874.82      2.35169      4.05540     0.0060     0.0010     0.0010
    259       259       9         96.64          1.00     199814.85      2.74175      4.14310     0.0010     0.0000     0.0000
    259       259      12         96.64          1.00     226287.94      2.88752      4.41240     0.0030     0.0000     0.0000
    259       259      15         96.64          1.00     213693.60      3.23742      4.94119     0.0010     0.0000     0.0000
    260       260       3         96.65          2.00     156963.74      0.72113      3.02378     0.3350     0.0420     0.0420
    260       260       6         96.65          2.00     200663.04      1.46882      3.55064     0.1100     0.0020     0.0020
    260       260       9         96.64          2.00     252826.98      2.33543      3.74233     0.0080     0.0020     0.0020
    260       260      12         96.64          2.00     224992.98      2.88088      4.42336     0.0010     0.0000     0.0000
    260       260      15         96.65          2.00     237163.43      3.11049      4.72409     0.0000     0.0000     0.0000
    261       261       3         96.64          2.00     142755.94      1.52192      3.09649     0.0390     0.0290     0.0290
    261       261       6         96.64          2.00     122874.82      2.35169      4.05540     0.0100     0.0000     0.0000
    261       261       9         96.64          2.00     199814.85      2.74175      4.14310     0.0040     0.0000     0.0000
    261       261      12         96.64          2.00     226287.94      2.88752      4.41240     0.0030     0.0000     0.0000
    261       261      15         96.64          2.00     213693.60      3.23742      4.94119     0.0010     0.0000     0.0000
    262       262       3         96.64          3.00     142755.94      1.52192      3.09649     0.0500     0.0430     0.0430
    262       262       6         96.64          3.00     122874.82      2.35169      4.05540     0.0070     0.0000     0.0000
    262       262       9         96.64          3.00     199814.85      2.74175      4.14310     0.0020     0.0000     0.0000
    262       262      12         96.64          3.00     226287.94      2.88752      4.41240     0.0020     0.0000     0.0000
    262       262      15         96.64          3.00     213693.60      3.23742      4.94119     0.0000     0.0010     0.0000
    263       263       3         96.63          4.00     154530.09      1.45610      3.03624     0.0520     0.0480     0.0480
    263       263       6         96.63          4.00     123469.18      2.38468      4.05154     0.0040     0.0000     0.0000
    263       263       9         96.64          4.00     127885.50      2.86948      4.68688     0.0020     0.0000     0.0000
    263       263      12         96.64          4.00     226287.94      2.88752      4.41240     0.0020     0.0000     0.0000
    263       263      15         96.64          4.00     213693.60      3.23742      4.94119     0.0010     0.0000     0.0000
    264       264       3         96.64          1.00     142755.94      1.52192      3.09649     0.0370     0.0400     0.0370
    264       264       6         96.64          1.00     122874.82      2.35169      4.05540     0.0120     0.0010     0.0010
    264       264       9         96.64          1.00     199814.85      2.74175      4.14310     0.0030     0.0000     0.0000
    264       264      12         96.64          1.00     226287.94      2.88752      4.41240     0.0030     0.0000     0.0000
    264       264      15         96.64          1.00     213693.60      3.23742      4.94119     0.0000     0.0000     0.0000
    265       265       3         96.66          1.00     275460.79      0.88582      2.41739     0.2590     0.1260     0.1260
    265       265       6         96.65          1.00     214548.82      1.49294      3.46054     0.0990     0.0030     0.0030
    265       265       9         96.65          1.00     206238.76      2.19609      4.09453     0.0220     0.0000     0.0000
    265       265      12         96.64          1.00     224992.98      2.88088      4.42336     0.0000     0.0000     0.0000
    265       265      15         96.65          1.00     236974.95      2.95536      4.72583     0.0030     0.0000     0.0000
    266       266       3         96.64          2.00     107780.32      1.40272      3.27547     0.0700     0.0280     0.0280
    266       266       6         96.64          2.00     125722.22      2.34514      4.03692     0.0130     0.0000     0.0000
    266       266       9         96.64          2.00     199814.85      2.74175      4.14310     0.0030     0.0000     0.0000
    266       266      12         96.64          2.00     226287.94      2.88752      4.41240     0.0000     0.0000     0.0000
    266       266      15         96.64          2.00     213693.60      3.23742      4.94119     0.0000     0.0000     0.0000
    267       267       3         96.64          4.00      59798.00      1.24901      3.52102     0.0940     0.0030     0.0030
    267       267       6         96.64          4.00     125722.22      2.34514      4.03692     0.0190     0.0010     0.0010
    267       267       9         96.64          4.00     199814.85      2.74175      4.14310     0.0020     0.0000     0.0000
    267       267      12         96.64          4.00     226287.94      2.88752      4.41240     0.0030     0.0000     0.0000
    267       267      15         96.64          4.00     213693.60      3.23742      4.94119     0.0000     0.0000     0.0000
    268       268       3         96.76         51.00     778849.57      0.25708     -0.00279     0.7090     0.6360     0.6360
    268       268       6         96.76         51.00     593933.63      0.38966      1.14945     0.6580     0.2970     0.2970
    268       268       9         96.76         51.00     527532.81      1.06075      1.82152     0.2500     0.1180     0.1180
    268       268      12         96.76         51.00     582468.22      0.94960      1.59181     0.3080     0.1300     0.1300
    268       268      15         96.77         51.00     629605.09      0.74601      1.32156     0.4130     0.1650     0.1650
    269       269       3         96.85         11.00     858411.96      0.39086     -0.02917     0.5970     0.6250     0.5970
    269       269       6         96.85         11.00     740142.45      0.32235      0.63671     0.7330     0.4260     0.4260
    269       269       9         96.85         11.00     741263.15      0.37157      0.73436     0.6860     0.3740     0.3740
    269       269      12         96.85         11.00     773623.69      0.13887      0.58146     0.8860     0.3980     0.3980
    269       269      15         96.85         11.00     783379.11      0.32997      0.55658     0.7340     0.3670     0.3670
    270       270       3         96.76         51.00     757922.87      0.22006      0.06244     0.7840     0.6330     0.6330
    270       270       6         96.76         51.00     629511.25      0.58166      0.88794     0.5250     0.3490     0.3490
    270       270       9         96.76         51.00     527532.81      1.06075      1.82152     0.2550     0.1130     0.1130
    270       270      12         96.76         51.00     594627.85      1.06127      1.44410     0.2910     0.1770     0.1770
    270       270      15         96.77         51.00     629605.09      0.74601      1.32156     0.4670     0.1790     0.1790
    271       271       3         96.77         94.00     242408.76      0.89763      2.63504     0.2270     0.0940     0.0940
    271       271       6         96.77         94.00     541549.78      0.88820      1.47607     0.3330     0.2210     0.2210
    271       271       9         96.76         94.00     527532.81      1.06075      1.82152     0.2370     0.1250     0.1250
    271       271      12         96.77         94.00     463988.52      1.30282      2.55495     0.1740     0.0190     0.0190
    271       271      15         96.77         94.00     629605.09      0.74601      1.32156     0.4190     0.1570     0.1570
    272       272       3         96.76        226.00     571015.18      0.34366      0.99081     0.6620     0.4160     0.4160
    272       272       6         96.76        226.00     614432.83      0.51708      0.98290     0.5840     0.3380     0.3380
    272       272       9         96.76        226.00     532744.33      1.19204      1.74454     0.1940     0.1400     0.1400
    272       272      12         96.76        226.00     594627.85      1.06127      1.44410     0.2730     0.1690     0.1690
    272       272      15         96.76        226.00     531672.26      1.11912      2.19206     0.2750     0.0460     0.0460
    273       273       3         96.76          7.00      44534.46      1.01402      3.60582     0.1820     0.0000     0.0000
    273       273       6         96.76          7.00     542104.55      0.91142      1.47261     0.3160     0.2230     0.2230
    273       273       9         96.76          7.00     656794.64      0.50107      0.88252     0.5830     0.3350     0.3350
    273       273      12         96.76          7.00     581959.16      0.84356      1.59595     0.3910     0.1330     0.1330
    273       273      15         96.77          7.00     629605.09      0.74601      1.32156     0.4370     0.1690     0.1690
    274       274       3         96.70        185.00     115307.72      1.02854      3.23695     0.1630     0.0290     0.0290
    274       274       6         96.72        185.00     607023.93      0.80060      0.92883     0.3860     0.3690     0.3690
    274       274       9         96.72        185.00     549633.31      0.74414      1.51435     0.4140     0.1670     0.1670
    274       274      12         96.73        185.00     506872.90      1.33408      2.08882     0.1840     0.0580     0.0580
    274       274      15         96.74        185.00     540818.26      1.34407      2.01619     0.1840     0.0640     0.0640
    275       275       3         96.76        177.00     632728.47      0.41633      0.71573     0.6130     0.5010     0.5010
    275       275       6         96.77        177.00     627203.41      0.55263      0.94200     0.5460     0.3360     0.3360
    275       275       9         96.76        177.00     523468.24      1.03971      1.85105     0.2810     0.1090     0.1090
    275       275      12         96.76        177.00     467792.66      1.50991      2.52402     0.1270     0.0270     0.0270
    275       275      15         96.77        177.00     532638.34      1.23334      2.18347     0.1860     0.0510     0.0510
    276       276       3         96.76          3.00      95633.49      0.97680      3.35202     0.2060     0.0100     0.0100
    276       276       6         96.76          3.00     584091.36      0.28546      1.17400     0.7310     0.2760     0.2760
    276       276       9         96.76          3.00     523386.91      0.96499      1.81321     0.3090     0.1250     0.1250
    276       276      12         96.76          3.00     468094.26      1.38089      2.48311     0.1490     0.0460     0.0460
    276       276      15         96.76          3.00     534795.48      1.27771      2.11624     0.1860     0.0580     0.0580
    277       277       3         96.76         42.00     778849.57      0.25708     -0.00279     0.7600     0.6380     0.6380
    277       277       6         96.76         42.00     629511.25      0.58166      0.88794     0.5390     0.3690     0.3690
    277       277       9         96.76         42.00     527532.81      1.06075      1.82152     0.2350     0.1170     0.1170
    277       277      12         96.76         42.00     582468.22      0.94960      1.59181     0.3100     0.1300     0.1300
    277       277      15         96.77         42.00     629605.09      0.74601      1.32156     0.4380     0.1670     0.1670
    278       278       3         96.69         38.00     257298.57      0.85548      2.51033     0.2620     0.1130     0.1130
    278       278       6         96.70         38.00     233398.07      1.26661      3.33823     0.1670     0.0070     0.0070
    278       278       9         96.72         38.00     507776.60      1.20826      1.82958     0.2190     0.1180     0.1180
    278       278      12         96.73         38.00     576277.84      0.82504      1.50852     0.3960     0.1730     0.1730
    278       278      15         96.74         38.00     536122.94      1.30689      2.05875     0.1830     0.0530     0.0530
    279       279       3         96.80        258.00      97143.11      1.13585      3.35320     0.1560     0.0170     0.0170
    279       279       6         96.80        258.00     501678.89      1.60754      1.74993     0.0780     0.1580     0.0780
    279       279       9         96.80        258.00     596683.51      1.02702      1.35419     0.2330     0.2340     0.2330
    279       279      12         96.80        258.00     566131.47      1.08352      1.76177     0.2510     0.1050     0.1050
    279       279      15         96.80        258.00     600797.55      1.22020      1.62074     0.2070     0.1040     0.1040
    280       280       3         96.80        257.00      97143.11      1.13585      3.35320     0.1440     0.0130     0.0130
    280       280       6         96.80        257.00     501678.89      1.60754      1.74993     0.0780     0.1650     0.0780
    280       280       9         96.80        257.00     596683.51      1.02702      1.35419     0.2920     0.2210     0.2210
    280       280      12         96.80        257.00     566131.47      1.08352      1.76177     0.2610     0.1130     0.1130
    280       280      15         96.80        257.00     600797.55      1.22020      1.62074     0.2130     0.1200     0.1200
    281       281       3         96.80          2.00     162503.88      1.41762      3.03440     0.0680     0.0390     0.0390
    281       281       6         96.80          2.00     501678.89      1.60754      1.74993     0.0770     0.1530     0.0770
    281       281       9         96.80          2.00     596683.51      1.02702      1.35419     0.2690     0.1920     0.1920
    281       281      12         96.80          2.00     553520.35      1.12348      1.86346     0.2510     0.1150     0.1150
    281       281      15         96.80          2.00     662051.11      1.71799      1.08067     0.0770     0.2520     0.0770
    282       282       3         96.80          1.00     172096.54      1.39745      2.98761     0.0660     0.0490     0.0490
    282       282       6         96.80          1.00     501678.89      1.60754      1.74993     0.0680     0.1570     0.0680
    282       282       9         96.80          1.00     596683.51      1.02702      1.35419     0.2910     0.1930     0.1930
    282       282      12         96.80          1.00     590710.98      0.80525      1.56357     0.4000     0.1410     0.1410
    282       282      15         96.80          1.00     600797.55      1.22020      1.62074     0.2170     0.1180     0.1180
    283       283       3         96.74          2.00     240700.93      0.98152      2.62015     0.1930     0.1000     0.1000
    283       283       6         96.74          2.00     295060.55      1.16009      2.97678     0.2380     0.0160     0.0160
    283       283       9         96.75          2.00     482010.63      0.95983      2.08333     0.3140     0.0690     0.0690
    283       283      12         96.75          2.00     667547.11      0.14303      0.84533     0.8840     0.3030     0.3030
    283       283      15         96.76          2.00     809811.62      1.12733     -0.35302     0.2230     0.6200     0.2230
    284       284       3         96.74        237.00      74342.69      0.35060      3.45427     0.6350     0.0080     0.0080
    284       284       6         96.74        237.00     169302.17      0.93770      3.77633     0.2830     0.0030     0.0030
    284       284       9         96.74        237.00     255793.03      1.23643      3.75897     0.2040     0.0040     0.0040
    284       284      12         96.73        237.00     219989.15      1.44868      4.48746     0.1380     0.0000     0.0000
    284       284      15         96.73        237.00     474906.00      0.88099      2.57625     0.3550     0.0160     0.0160
    285       285       3         96.74          2.00     437346.93      0.58739      1.63417     0.4300     0.2770     0.2770
    285       285       6         96.74          2.00     299117.12      1.13091      2.95099     0.2030     0.0290     0.0290
    285       285       9         96.74          2.00     255793.03      1.23643      3.75897     0.1960     0.0000     0.0000
    285       285      12         96.73          2.00     225079.74      1.55052      4.44490     0.1000     0.0000     0.0000
    285       285      15         96.74          2.00     433104.24      0.93459      2.99247     0.3100     0.0070     0.0070
    286       286       3         96.74          1.00     273317.18      0.39902      2.45661     0.6150     0.1280     0.1280
    286       286       6         96.74          1.00     299117.12      1.13091      2.95099     0.2060     0.0200     0.0200
    286       286       9         96.74          1.00     255793.03      1.23643      3.75897     0.2180     0.0000     0.0000
    286       286      12         96.73          1.00     225079.74      1.55052      4.44490     0.1140     0.0000     0.0000
    286       286      15         96.73          1.00     370900.50      1.34359      3.52709     0.1460     0.0030     0.0030
    287       287       3         96.74          1.00     151813.73      0.76529      3.06583     0.3100     0.0400     0.0400
    287       287       6         96.74          1.00     299117.12      1.13091      2.95099     0.2160     0.0160     0.0160
    287       287       9         96.74          1.00     255793.03      1.23643      3.75897     0.1870     0.0000     0.0000
    287       287      12         96.75          1.00     482149.02      0.74654      2.33022     0.4590     0.0370     0.0370
    287       287      15         96.75          1.00     744456.51      0.58840      0.23378     0.5480     0.4870     0.4870
    288       288       3         96.74          2.00     151813.73      0.76529      3.06583     0.3130     0.0400     0.0400
    288       288       6         96.74          2.00     299117.12      1.13091      2.95099     0.1920     0.0280     0.0280
    288       288       9         96.74          2.00     255793.03      1.23643      3.75897     0.1800     0.0000     0.0000
    288       288      12         96.73          2.00     225079.74      1.55052      4.44490     0.1170     0.0000     0.0000
    288       288      15         96.74          2.00     547816.01      0.54314      1.95277     0.5590     0.0670     0.0670
    289       289       3         96.74          1.00     151813.73      0.76529      3.06583     0.3130     0.0440     0.0440
    289       289       6         96.74          1.00     299117.12      1.13091      2.95099     0.2020     0.0220     0.0220
    289       289       9         96.74          1.00     255793.03      1.23643      3.75897     0.2060     0.0030     0.0030
    289       289      12         96.73          1.00     225079.74      1.55052      4.44490     0.1160     0.0000     0.0000
    289       289      15         96.74          1.00     547816.01      0.54314      1.95277     0.5950     0.0620     0.0620
    290       290       3         96.74          2.00     158353.53      0.75843      3.03304     0.3150     0.0460     0.0460
    290       290       6         96.74          2.00     231565.80      0.79875      3.38047     0.3670     0.0060     0.0060
    290       290       9         96.74          2.00     255793.03      1.23643      3.75897     0.1870     0.0010     0.0010
    290       290      12         96.73          2.00     470536.12      0.94467      2.42648     0.3480     0.0340     0.0340
    290       290      15         96.74          2.00     635748.01      0.03769      1.15579     0.9690     0.2270     0.2270
    291       291       3         96.69          2.00      50059.87      0.67021      3.57085     0.3680     0.0070     0.0070
    291       291       6         96.70          2.00     237772.71      1.14967      3.30984     0.2160     0.0110     0.0110
    291       291       9         96.68          2.00     191957.68      1.38299      4.20250     0.1360     0.0000     0.0000
    291       291      12         96.69          2.00     220512.89      1.49537      4.46126     0.1220     0.0000     0.0000
    291       291      15         96.70          2.00     232779.85      1.87325      4.76464     0.0560     0.0000     0.0000
    292       292       3         96.69          2.00      94725.43      0.61971      3.34228     0.3820     0.0110     0.0110
    292       292       6         96.68          2.00     204123.45      1.25027      3.52819     0.1660     0.0020     0.0020
    292       292       9         96.68          2.00     191957.68      1.38299      4.20250     0.1490     0.0000     0.0000
    292       292      12         96.68          2.00     198331.52      1.75980      4.64891     0.0820     0.0000     0.0000
    292       292      15         96.68          2.00     259590.22      2.09657      4.51663     0.0350     0.0000     0.0000
    293       293       3         96.69          1.00      94725.43      0.61971      3.34228     0.4130     0.0210     0.0210
    293       293       6         96.68          1.00     204123.45      1.25027      3.52819     0.1740     0.0010     0.0010
    293       293       9         96.68          1.00     191957.68      1.38299      4.20250     0.1520     0.0000     0.0000
    293       293      12         96.68          1.00     198331.52      1.75980      4.64891     0.0730     0.0000     0.0000
    293       293      15         96.68          1.00     259590.22      2.09657      4.51663     0.0300     0.0000     0.0000
    294       294       3         96.69          1.00      50059.87      0.67021      3.57085     0.3900     0.0060     0.0060
    294       294       6         96.70          1.00     237772.71      1.14967      3.30984     0.1950     0.0110     0.0110
    294       294       9         96.68          1.00     191957.68      1.38299      4.20250     0.1590     0.0000     0.0000
    294       294      12         96.69          1.00     220512.89      1.49537      4.46126     0.1210     0.0000     0.0000
    294       294      15         96.70          1.00     232779.85      1.87325      4.76464     0.0590     0.0000     0.0000
    295       295       3         96.65          1.00      41767.88      0.56819      3.61328     0.4330     0.0010     0.0010
    295       295       6         96.65          1.00     214548.82      1.49294      3.46054     0.1090     0.0070     0.0070
    295       295       9         96.65          1.00     229973.20      2.27079      3.91510     0.0150     0.0010     0.0010
    295       295      12         96.64          1.00     224992.98      2.88088      4.42336     0.0030     0.0000     0.0000
    295       295      15         96.65          1.00     237163.43      3.11049      4.72409     0.0030     0.0000     0.0000
    296       296       3         96.65          2.00      41767.88      0.56819      3.61328     0.4700     0.0040     0.0040
    296       296       6         96.65          2.00     214548.82      1.49294      3.46054     0.1020     0.0040     0.0040
    296       296       9         96.65          2.00     229973.20      2.27079      3.91510     0.0180     0.0000     0.0000
    296       296      12         96.64          2.00     224992.98      2.88088      4.42336     0.0020     0.0000     0.0000
    296       296      15         96.65          2.00     237163.43      3.11049      4.72409     0.0020     0.0000     0.0000
    297       297       3         96.65          1.00      41767.88      0.56819      3.61328     0.4380     0.0050     0.0050
    297       297       6         96.65          1.00     214548.82      1.49294      3.46054     0.1040     0.0030     0.0030
    297       297       9         96.65          1.00     229973.20      2.27079      3.91510     0.0150     0.0010     0.0010
    297       297      12         96.64          1.00     224992.98      2.88088      4.42336     0.0030     0.0000     0.0000
    297       297      15         96.65          1.00     237163.43      3.11049      4.72409     0.0020     0.0000     0.0000
    298       298       3         96.80         10.00     928524.80      0.23574     -0.70192     0.7650     0.7710     0.7650
    298       298       6         96.80         10.00    1042890.83      1.75184     -1.59738     0.0540     0.8850     0.0540
    298       298       9         96.80         10.00     939211.08      2.03905     -1.11395     0.0210     0.8140     0.0210
    298       298      12         96.80         10.00     842609.43      2.85852     -0.46762     0.0010     0.6940     0.0010
    298       298      15         96.80         10.00     846489.04      3.70183     -0.54552     0.0000     0.6780     0.0000
    299       299       3         96.82         57.00     857730.54      0.27293     -0.20359     0.7230     0.6850     0.6850
    299       299       6         96.82         57.00     649663.85      0.41872      0.98164     0.6630     0.3360     0.3360
    299       299       9         96.83         57.00     557501.77      0.38285      1.78346     0.6780     0.1200     0.1200
    299       299      12         96.82         57.00     563575.05      0.28053      1.94861     0.7990     0.0710     0.0710
    299       299      15         96.83         57.00     634716.34      0.36944      1.52638     0.6970     0.1350     0.1350
    300       300       3         96.93        107.00     498198.32      0.00304      1.72580     0.9990     0.2570     0.2570
    300       300       6         96.93        107.00     582079.36      0.49716      1.73974     0.6010     0.1640     0.1640
    300       300       9         96.92        107.00     676641.51      0.40969      1.41381     0.6780     0.1680     0.1680
    300       300      12         96.92        107.00     659210.23      0.01396      1.70436     0.9830     0.1200     0.1200
    300       300      15         96.92        107.00     639588.18      0.43681      2.01406     0.6530     0.0750     0.0750
    301       301       3         96.82         46.00     693756.83      0.51312      0.46558     0.4950     0.5230     0.4950
    301       301       6         96.82         46.00     573599.05      1.26906      1.32860     0.1830     0.2420     0.1830
    301       301       9         96.82         46.00     763431.90      0.25932      0.18907     0.7870     0.5040     0.5040
    301       301      12         96.82         46.00     767696.06      0.57266      0.17742     0.5390     0.5090     0.5090
    301       301      15         96.82         46.00     697472.80      0.40137      0.80906     0.6850     0.3410     0.3410
    302       302       3         96.85         40.00     767654.06      0.90026      0.31873     0.2450     0.5700     0.2450
    302       302       6         96.85         40.00     671651.78      0.86075      0.96049     0.3240     0.3410     0.3240
    302       302       9         96.85         40.00     568470.33      1.09096      1.81565     0.2250     0.1310     0.1310
    302       302      12         96.85         40.00     730793.78      0.81765      0.80541     0.3800     0.3210     0.3210
    302       302      15         96.85         40.00     699001.56      0.81455      1.14331     0.4180     0.2290     0.2290
    303       303       3         96.85         33.00     966839.79      0.51451     -0.59158     0.4950     0.7350     0.4950
    303       303       6         96.85         33.00     923612.76      0.29558     -0.49963     0.7510     0.7220     0.7220
    303       303       9         96.85         33.00     767141.37      0.36261      0.47432     0.7010     0.4020     0.4020
    303       303      12         96.85         33.00     743361.55      0.91053      0.71046     0.3510     0.3650     0.3510
    303       303      15         96.85         33.00     728682.73      1.64278      0.89811     0.0910     0.2920     0.0910
    304       304       3         96.85        224.00     471798.52      1.44297      1.67083     0.0740     0.2650     0.0740
    304       304       6         96.85        224.00     940302.39      0.54915     -0.59635     0.5420     0.7100     0.5420
    304       304       9         96.85        224.00     808069.55      0.90595      0.19799     0.3620     0.5050     0.3620
    304       304      12         96.85        224.00     771543.71      1.32031      0.49753     0.1800     0.4230     0.1800
    304       304      15         96.85        224.00     848114.49      1.97184     -0.08855     0.0430     0.5870     0.0430
    305       305       3         96.84         19.00     543740.01      1.22019      1.34205     0.1050     0.3420     0.1050
    305       305       6         96.84         19.00     633671.28      1.39773      1.07693     0.1300     0.2950     0.1300
    305       305       9         96.83         19.00     510744.85      1.79690      2.10805     0.0440     0.0710     0.0440
    305       305      12         96.83         19.00     688806.93      1.80325      0.97573     0.0460     0.2690     0.0460
    305       305      15         96.84         19.00     843893.46      2.40391     -0.25047     0.0130     0.6250     0.0130
    306       306       3         96.84         26.00     700177.18      0.12740      0.62711     0.8570     0.4830     0.4830
    306       306       6         96.84         26.00     730647.62      0.18706      0.61861     0.8260     0.4500     0.4500
    306       306       9         96.84         26.00    1010241.26      1.25742     -1.16697     0.1910     0.8600     0.1910
    306       306      12         96.84         26.00     866667.19      1.48892     -0.22116     0.1310     0.6120     0.1310
    306       306      15         96.84         26.00     844055.14      1.41498     -0.05502     0.1390     0.5820     0.1390
    307       307       3         96.88          1.00    2066388.65      0.79449     -5.17512     0.3160     0.9980     0.3160
    307       307       6         96.88          1.00    1453828.54      0.03826     -3.17831     0.9730     0.9790     0.9730
    307       307       9         96.88          1.00    1239364.97      0.25086     -2.32265     0.7730     0.9490     0.7730
    307       307      12         96.88          1.00    1089470.42      0.21268     -1.51963     0.8010     0.8890     0.8010
    307       307      15         96.88          1.00    1072485.52      0.79463     -1.52787     0.4120     0.8780     0.4120
    308       308       3         96.93        279.00      87611.33      0.26771      3.45751     0.7320     0.0090     0.0090
    308       308       6         96.92        279.00     366041.97      0.45374      2.88402     0.6270     0.0280     0.0280
    308       308       9         96.92        279.00     711438.32      0.96957      1.19577     0.2930     0.2530     0.2530
    308       308      12         96.92        279.00     785343.85      1.85015      0.81990     0.0560     0.3260     0.0560
    308       308      15         96.91        279.00     901737.82      2.27100      0.00408     0.0240     0.5690     0.0240
    309       309       3         96.93        278.00      87611.33      0.26771      3.45751     0.7240     0.0120     0.0120
    309       309       6         96.92        278.00     286593.87      0.55417      3.31132     0.5280     0.0100     0.0100
    309       309       9         96.92        278.00     327646.68      0.34097      3.60063     0.7040     0.0000     0.0000
    309       309      12         96.92        278.00     698392.58      1.63948      1.42961     0.0930     0.1800     0.0930
    309       309      15         96.91        278.00     918383.41      2.23324     -0.12354     0.0190     0.5590     0.0190
    310       310       3         96.81        306.00     803789.85      0.75336     -0.06756     0.3410     0.6430     0.3410
    310       310       6         96.80        306.00     633129.92      1.68974      0.93693     0.0650     0.3300     0.0650
    310       310       9         96.80        306.00     579631.42      2.70445      1.47706     0.0050     0.1860     0.0050
    310       310      12         96.80        306.00     865144.34      2.04028     -0.64933     0.0280     0.7420     0.0280
    310       310      15         96.80        306.00     815407.57      2.64090     -0.27147     0.0060     0.6210     0.0060
    311       311       3         96.81        305.00     803789.85      0.75336     -0.06756     0.3230     0.6870     0.3230
    311       311       6         96.80        305.00     633129.92      1.68974      0.93693     0.0590     0.3230     0.0590
    311       311       9         96.80        305.00     579631.42      2.70445      1.47706     0.0030     0.1670     0.0030
    311       311      12         96.80        305.00     865144.34      2.04028     -0.64933     0.0330     0.7420     0.0330
    311       311      15         96.80        305.00     815407.57      2.64090     -0.27147     0.0140     0.6390     0.0140
    312       312       3         96.81          1.00     370931.72      1.17901      2.01778     0.1180     0.2120     0.1180
    312       312       6         96.80          1.00     633129.92      1.68974      0.93693     0.0670     0.3320     0.0670
    312       312       9         96.80          1.00     585569.11      2.72301      1.43428     0.0040     0.2100     0.0040
    312       312      12         96.80          1.00     891463.60      2.16987     -0.86156     0.0130     0.7840     0.0130
    312       312      15         96.80          1.00     894983.19      2.01739     -0.97309     0.0310     0.8090     0.0310
    313       313       3         96.88          7.00    2066388.65      0.79449     -5.17512     0.3140     0.9990     0.3140
    313       313       6         96.88          7.00    1472923.84      0.13481     -3.28379     0.8620     0.9900     0.8620
    313       313       9         96.88          7.00    1234929.43      0.22378     -2.41646     0.8070     0.9600     0.8070
    313       313      12         96.88          7.00    1156398.74      1.20757     -2.12986     0.2080     0.9520     0.2080
    313       313      15         96.88          7.00    1072485.52      0.79463     -1.52787     0.4090     0.8920     0.4090
    314       314       3         96.88          6.00    2066388.65      0.79449     -5.17512     0.3100     0.9990     0.3100
    314       314       6         96.88          6.00    1472923.84      0.13481     -3.28379     0.8750     0.9780     0.8750
    314       314       9         96.88          6.00    1234929.43      0.22378     -2.41646     0.8150     0.9660     0.8150
    314       314      12         96.88          6.00    1156398.74      1.20757     -2.12986     0.2300     0.9560     0.2300
    314       314      15         96.88          6.00    1072485.52      0.79463     -1.52787     0.4230     0.8730     0.4230
    315       315       3         96.88         82.00    1196161.83      1.72495     -1.38401     0.0180     0.8250     0.0180
    315       315       6         96.88         82.00    1026842.16      1.76224     -0.90693     0.0370     0.7830     0.0370
    315       315       9         96.88         82.00    1006593.48      1.63007     -0.92430     0.0730     0.7790     0.0730
    315       315      12         96.88         82.00     882718.30      1.73265     -0.12846     0.0630     0.5790     0.0630
    315       315      15         96.88         82.00     943400.58      1.23324     -0.62569     0.2040     0.7310     0.2040
    316       316       3         96.90        228.00    1644608.32      1.40562     -3.23588     0.0700     0.9650     0.0700
    316       316       6         96.90        228.00    1421977.09      1.59885     -2.89078     0.0830     0.9640     0.0830
    316       316       9         96.90        228.00    1164450.35      1.87571     -1.73406     0.0430     0.9090     0.0430
    316       316      12         96.90        228.00    1071501.05      1.99625     -1.28060     0.0430     0.8680     0.0430
    316       316      15         96.90        228.00     984917.47      1.99184     -0.72809     0.0280     0.7560     0.0280
    317       317       3         96.90          2.00      73185.76      2.86034      3.51272     0.0000     0.0080     0.0000
    317       317       6         96.90          2.00    1371162.03      1.74016     -2.61406     0.0580     0.9590     0.0580
    317       317       9         96.90          2.00    1188561.11      1.57902     -1.88703     0.0950     0.9280     0.0950
    317       317      12         96.90          2.00    1036364.73      1.76209     -1.03114     0.0650     0.7870     0.0650
    317       317      15         96.90          2.00     954884.67      2.17438     -0.49494     0.0220     0.6920     0.0220
    318       318       3         96.90        226.00    1644608.32      1.40562     -3.23588     0.0670     0.9710     0.0670
    318       318       6         96.90        226.00    1421977.09      1.59885     -2.89078     0.0770     0.9780     0.0770
    318       318       9         96.90        226.00    1166685.17      1.86625     -1.74824     0.0490     0.9070     0.0490
    318       318      12         96.90        226.00    1071501.05      1.99625     -1.28060     0.0370     0.8640     0.0370
    318       318      15         96.90        226.00     984917.47      1.99184     -0.72809     0.0370     0.7500     0.0370
